#,Keyword,Position,Position History,Position History Date,Volume,URL,Difficulty,Traffic (desc),CPC,Last Update,Page URL inside,SERP Features
1,clothing,1,3,17/10/2021 05:25,128000,https://www.next.co.uk/women,87,71201,0.6,19/10/2021 23:37,,"Sitelinks, Top stories, Thumbnail"
2,coffee table,1,5,17/10/2021 01:00,218000,https://www.next.co.uk/shop/department-homeware-productaffiliation-coffeesidetables-0,13,69245,1,19/10/2021 16:07,,"Sitelinks, Image pack"
3,wedding guest dresses,1,1,,196000,https://www.next.co.uk/shop/gender-women-category-dresses/use-weddingguest,35,55957,0.6,19/10/2021 22:17,,"Sitelinks, Image pack"
4,christmas jumpers,1,1,,174000,https://www.next.co.uk/shop/style-christmassweater-0,9,48812,0.5,20/10/2021 01:13,,"Sitelinks, Top stories, Thumbnail, Image pack, Adwords bottom"
5,loungewear,1,1,,172000,https://www.next.co.uk/shop/gender-women-productaffiliation-loungewear-0,24,35074,0.6,19/10/2021 22:11,,"Sitelinks, Image pack"
6,sofas,3,3,,392000,https://www.next.co.uk/homeware/sofasbynext,40,34288,2.5,19/10/2021 03:51,,"Shopping results, Thumbnail, Sitelinks, Knowledge card, Top stories, Image pack"
7,ceiling lights,1,3,17/10/2021 04:47,159000,https://www.next.co.uk/shop/department-homeware-productaffiliation-lighting/category-ceilinglights,21,33193,0.9,19/10/2021 01:41,,"Sitelinks, Image pack"
8,bikini,1,3,18/10/2021 21:04,102000,https://www.next.co.uk/shop/gender-women-productaffiliation-swimwear/category-bikinis,25,32588,1.3,20/10/2021 04:37,,"Sitelinks, Top stories, Thumbnail, Image pack, Video"
9,mother of the bride dresses,1,1,,65000,https://www.next.co.uk/shop/gender-women-category-dresses/use-motherofthebride,22,31652,0.45,20/10/2021 02:13,,"Sitelinks, Image pack"
10,christmas pyjamas,1,2,17/10/2021 21:59,136000,https://www.next.co.uk/shop/promotion-christmasnightwear-0,4,30063,0.5,19/10/2021 09:31,,"Shopping results, Thumbnail, Sitelinks, Image pack"
11,mens slippers,1,1,,121000,https://www.next.co.uk/shop/gender-men-productaffiliation-nightwear/category-slippers,12,29494,1,19/10/2021 09:49,,"Sitelinks, People also ask, Image pack"
12,floor lamp,2,2,,163000,https://www.next.co.uk/shop/department-homeware-productaffiliation-lighting/category-floorlights,21,28988,0.8,19/10/2021 20:18,,"Knowledge card, Sitelinks, Image pack"
13,laura ashley wallpaper,1,1,,34000,https://www.next.co.uk/laura-ashley/shop/department-homeware-productaffiliation-diy/brand-lauraashley-category-wallpaper,1,25477,0.07,19/10/2021 13:04,,"Sitelinks, Image pack"
14,dressing table,2,4,18/10/2021 21:43,99000,https://www.next.co.uk/shop/department-homeware-productaffiliation-bedroomfurniture/type-dressingtable,8,25317,0.7,20/10/2021 06:01,,"Sitelinks, Image pack"
15,tv stand,2,3,17/10/2021 12:59,162000,https://www.next.co.uk/shop/department-homeware-productaffiliation-livingfurniture/category-tvunits,21,24557,0.9,19/10/2021 05:41,,"Sitelinks, People also ask, Image pack"
16,womens slippers,1,1,,97000,https://www.next.co.uk/shop/gender-women-productaffiliation-footwear/category-slippers,22,24511,0.9,20/10/2021 00:38,,"Sitelinks, Image pack"
17,gifts for her,2,1,16/10/2021 01:54,115000,https://www.next.co.uk/shop/promotion-giftsforher-0,39,22969,0.8,18/10/2021 01:22,,"Sitelinks, Image pack"
18,slippers,1,2,16/10/2021 01:19,120000,https://www.next.co.uk/shop/gender-women-productaffiliation-footwear/category-slippers,19,22808,1,18/10/2021 23:06,,"Sitelinks, People also ask, Top stories, Thumbnail, Image pack"
19,dresses,2,1,17/10/2021 10:38,251000,https://www.next.co.uk/shop/gender-women-category-dresses-0,71,22765,0.9,19/10/2021 17:01,,"Shopping results, Thumbnail, Adwords top, Sitelinks, Top stories, Image pack, Adwords bottom"
20,bridesmaid dresses,3,3,,147000,https://www.next.co.uk/shop/gender-women-category-dresses/use-bridesmaid,41,22215,0.5,19/10/2021 02:33,,"Sitelinks, People also ask, Image pack"
21,gifts for men,3,2,17/10/2021 21:50,150000,https://www.next.co.uk/shop/promotion-giftsforhim-0,39,21925,0.8,19/10/2021 21:16,,"Sitelinks, Image pack"
22,mens suits,1,1,,46000,https://www.next.co.uk/shop/gender-men-productaffiliation-suits-0,50,21420,1.2,20/10/2021 02:00,,"Sitelinks, Image pack"
23,lipsy,1,1,,37000,https://www.next.co.uk/lipsy,11,20917,0.08,18/10/2021 21:20,,"Sitelinks, People also ask, Tweet box, Knowledge panel"
24,secret santa gifts,1,1,,26000,https://www.next.co.uk/shop/promotion-secretsanta-0,6,20154,0.35,19/10/2021 09:47,,"People also ask, Sitelinks, Image pack"
25,next.co.uk,1,1,,24000,https://www.next.co.uk/,59,19697,0.4,19/10/2021 20:54,,Sitelinks
26,dressing gown,1,1,,134000,https://www.next.co.uk/shop/gender-women-productaffiliation-nightwear/category-robes,8,19290,0.7,20/10/2021 08:00,,"Sitelinks, People also ask, Image pack"
27,dining table,2,2,,119000,https://www.next.co.uk/shop/department-homeware-productaffiliation-diningroomfurniture/category-diningtables,19,18991,1.5,18/10/2021 20:05,,"Adwords top, Sitelinks, Image pack"
28,loungewear sets,1,1,,44000,https://www.next.co.uk/shop/gender-women-productaffiliation-loungewear-0,26,18924,0.8,18/10/2021 15:12,,"Sitelinks, Image pack"
29,gift ideas for women,1,1,,30000,https://www.next.co.uk/shop/promotion-giftsforher-0,50,18851,0.9,18/10/2021 10:33,,"Sitelinks, Image pack"
30,bedside lamps,1,1,,81000,https://www.next.co.uk/shop/department-homeware-productaffiliation-lighting/category-tablelights,22,18183,0.7,18/10/2021 09:15,,"Sitelinks, People also ask, Image pack"
31,curtains,5,4,16/10/2021 09:14,188000,https://www.next.co.uk/shop/department-homeware-productaffiliation-curtainsandblinds-0,39,17863,1,18/10/2021 15:36,,"Sitelinks, Image pack"
32,silk pyjamas,1,1,,24000,https://www.next.co.uk/shop/gender-women-productaffiliation-nightwear/category-pyjamas-style-satin,2,17797,1.1,19/10/2021 03:59,,"People also ask, Sitelinks, Image pack"
33,womens wellies,1,1,,73000,https://www.next.co.uk/shop/gender-women-productaffiliation-footwear/category-wellies,14,17605,0.9,20/10/2021 06:09,,"Sitelinks, Image pack"
34,beds,7,9,17/10/2021 01:38,306000,https://www.next.co.uk/shop/department-homeware-productaffiliation-bedsandmattresses/category-beds,32,17514,2,19/10/2021 10:06,,"Sitelinks, Top stories, Thumbnail, Image pack"
35,wallpaper,5,5,,327000,https://www.next.co.uk/shop/department-homeware-productaffiliation-diy/category-wallpaper,52,17251,0.4,19/10/2021 11:09,,"Sitelinks, Image pack, People also ask, Tweet box"
36,bucket hat,1,3,16/10/2021 08:43,108000,https://www.next.co.uk/shop/gender-men-productaffiliation-hatsglovesscarves/category-hats-style-bucket,1,15868,0.7,18/10/2021 12:16,,"People also ask, Sitelinks, Image pack"
37,baby clothes,4,7,16/10/2021 12:30,153000,https://www.next.co.uk/newborn,35,15824,1,18/10/2021 20:27,,"Sitelinks, Top stories, Video, Image pack"
38,puffer jacket,2,4,17/10/2021 17:39,103000,https://www.next.co.uk/shop/gender-women-productaffiliation-coatsandjackets/category-coats-style-puffer,8,15720,0.8,19/10/2021 04:54,,"Sitelinks, People also ask, Image pack"
39,occasion dresses,1,1,,58000,https://www.next.co.uk/shop/gender-women-category-dresses/use-occasionwear,20,15622,0.7,20/10/2021 05:48,,"Sitelinks, Image pack"
40,maxi dress,2,1,17/10/2021 16:37,76000,https://www.next.co.uk/shop/gender-women-category-dresses/style-maxidress,40,15017,1.4,19/10/2021 03:06,,"Sitelinks, Image pack"
41,mother of the bride outfits,1,2,08/10/2021 00:20,48000,https://www.next.co.uk/shop/gender-women-category-dresses/use-motherofthebride,13,14970,0.4,11/10/2021 15:25,,"Sitelinks, People also ask, Image pack"
42,matching christmas pyjamas,1,2,17/10/2021 22:07,47000,https://www.next.co.uk/shop/productaffiliation-nightwear-promotion-familychristmas-0,3,14884,,19/10/2021 19:56,,"Adwords top, Image pack, Adwords bottom"
43,maxi skirts,1,1,,28000,https://www.next.co.uk/shop/gender-women-category-skirts/length-maxi,4,14875,1.1,18/10/2021 12:24,,"Sitelinks, Image pack"
44,cushions,3,2,18/09/2021 03:49,111000,https://www.next.co.uk/shop/department-homeware-productaffiliation-cushionsandthrows/category-cushions,40,14863,0.7,20/09/2021 14:25,,"Sitelinks, Image pack"
45,mens shorts,1,1,,41000,https://www.next.co.uk/shop/gender-men-category-shorts-0,9,14754,1.5,18/10/2021 14:07,,"Sitelinks, Image pack"
46,dress,1,2,17/10/2021 03:14,38000,https://www.next.co.uk/shop/gender-women-category-dresses-0,72,14730,1,19/10/2021 10:22,,"Sitelinks, Top stories, Thumbnail, Image pack"
47,mens boots,1,1,,45000,https://www.next.co.uk/shop/gender-men-productaffiliation-footwear/category-boots,30,14723,1,20/10/2021 02:13,,"Shopping results, Thumbnail, Sitelinks, Image pack"
48,touch lamp,1,3,16/10/2021 22:13,19000,https://www.next.co.uk/shop/department-homeware-productaffiliation-lighting/category-tablelights,3,14630,0.45,18/10/2021 16:57,,"People also ask, Sitelinks, Top stories, Video, Image pack"
49,black dress,1,1,,86000,https://www.next.co.uk/shop/gender-women-category-dresses/colour-black,12,14585,0.9,19/10/2021 09:16,,"Sitelinks, Image pack, Top stories, Thumbnail"
50,nike socks,2,2,,77000,https://www.next.co.uk/shop/gender-men-category-socks/brand-nike,1,14542,0.6,18/10/2021 18:24,,"Sitelinks, Image pack"
51,wellies,1,1,,107000,https://www.next.co.uk/shop/gender-women-productaffiliation-footwear/category-wellies,15,14288,0.7,19/10/2021 12:49,,"Sitelinks, People also ask, Image pack"
52,maternity clothes,3,4,17/10/2021 10:43,85000,https://www.next.co.uk/shop/gender-women/sizetype-maternity,52,14154,1.3,19/10/2021 21:52,,"Sitelinks, People also ask, Image pack"
53,cargo trousers,1,1,,43000,https://www.next.co.uk/shop/gender-men-category-trousers/style-cargo,7,14091,1,20/10/2021 08:40,,"People also ask, Sitelinks, Image pack"
54,mens trainers,3,2,17/10/2021 08:45,143000,https://www.next.co.uk/shop/gender-men-productaffiliation-footwear/category-trainers,43,14063,0.8,19/10/2021 01:30,,"Shopping results, Thumbnail, Sitelinks, Image pack"
55,pour moi,2,2,,67000,https://www.next.co.uk/shop/brand-pourmoi-0,1,13990,0.8,19/10/2021 23:21,,"Sitelinks, People also ask, Tweet box, Top stories, Video"
56,ladder shelf,1,1,,35000,https://www.next.co.uk/shop/department-homeware-category-shelves-0,0,13800,0.7,18/10/2021 08:57,,"Sitelinks, Image pack"
57,sofa,4,4,,142000,https://www.next.co.uk/homeware/sofasbynext,41,13749,1.7,20/10/2021 06:09,,"Sitelinks, Top stories, Thumbnail, Image pack"
58,mens shoes,1,1,,25000,https://www.next.co.uk/shop/gender-men-productaffiliation-footwear-0,28,13408,1.1,19/10/2021 21:58,,"Sitelinks, Image pack"
59,cushions,3,2,18/10/2021 01:54,111000,https://www.next.co.uk/shop/department-homeware-productaffiliation-cushionsandthrows/category-cushions,39,13376,0.7,20/10/2021 06:35,,"Sitelinks, Image pack"
60,womens summer dresses,1,2,16/10/2021 04:07,27000,https://www.next.co.uk/shop/gender-women-category-dresses/style-summerdress,7,13257,0.9,18/10/2021 07:40,,Sitelinks
61,mens socks,1,1,,25000,https://www.next.co.uk/shop/gender-men-category-socks-0,18,13161,1,19/10/2021 03:09,,"Sitelinks, Image pack"
62,long puffer jacket,1,2,18/10/2021 23:17,26000,https://www.next.co.uk/shop/gender-women-productaffiliation-coatsandjackets/category-coats-style-puffer,7,12985,0.6,20/10/2021 04:13,,"Sitelinks, Image pack"
63,winter coats women,1,1,,50000,https://www.next.co.uk/shop/gender-women-productaffiliation-coatsandjackets-0,28,12737,0.6,19/10/2021 16:38,,"Sitelinks, Image pack"
64,midi dress,2,2,,87000,https://www.next.co.uk/shop/gender-women-category-dresses/length-midi,27,12652,0.8,18/10/2021 10:49,,"Sitelinks, Image pack"
65,summer dresses,1,1,,58000,https://www.next.co.uk/shop/gender-women-category-dresses/style-summerdress,10,12521,0.9,19/10/2021 01:59,,"Sitelinks, Image pack"
66,christmas bedding,2,3,17/10/2021 16:31,49000,https://www.next.co.uk/shop/department-homeware-promotion-christmasathome/category-bedsets,6,12485,0.35,19/10/2021 16:40,,"Sitelinks, Image pack"
67,denim dress,1,1,,53000,https://www.next.co.uk/shop/gender-women-category-dresses/style-denim,9,12380,0.8,18/10/2021 20:50,,"Sitelinks, Image pack"
68,mens loungewear,1,3,17/10/2021 07:09,28000,https://www.next.co.uk/shop/gender-men-productaffiliation-nightwear-0,6,12331,0.9,19/10/2021 21:06,,"Sitelinks, Image pack"
69,satin pyjamas,1,1,,34000,https://www.next.co.uk/shop/gender-women-productaffiliation-nightwear/category-pyjamas-style-satin,3,11886,0.8,20/10/2021 01:30,,"Sitelinks, Top stories, Video, Image pack"
70,side table,1,4,18/10/2021 19:21,49000,https://www.next.co.uk/shop/department-homeware-productaffiliation-livingfurniture/category-sidetable,10,11801,1,20/10/2021 06:57,,"Sitelinks, Image pack"
71,bra,1,1,,89000,https://www.next.co.uk/shop/gender-women-productaffiliation-lingerie/category-bras,32,11794,1.3,20/10/2021 04:26,,"Sitelinks, Image pack, Top stories, Video"
72,family christmas pyjamas,1,3,16/10/2021 23:50,34000,https://www.next.co.uk/shop/productaffiliation-nightwear-promotion-familychristmas-0,2,11721,,19/10/2021 01:47,,"Sitelinks, Image pack"
73,mens wellies,1,1,,49000,https://www.next.co.uk/shop/gender-men-productaffiliation-footwear/category-wellies,2,11671,0.9,19/10/2021 05:04,,"Sitelinks, Image pack"
74,jumpsuits for women,1,1,,45000,https://www.next.co.uk/shop/gender-women-productaffiliation-jumpsuitsandplaysuits-0,31,11663,0.8,19/10/2021 20:14,,"Sitelinks, Image pack"
75,teddy coat,2,1,16/10/2021 19:27,49000,https://www.next.co.uk/shop/gender-women-productaffiliation-coatsandjackets/category-coats-style-teddy,3,11388,0.45,18/10/2021 17:02,,"Sitelinks, People also ask, Image pack"
76,jeans for men,1,1,,57000,https://www.next.co.uk/shop/gender-men-category-jeans-0,29,11368,1.6,19/10/2021 09:31,,"Sitelinks, Image pack"
77,boys clothing,1,1,,33000,https://www.next.co.uk/boys,33,11347,1.3,19/10/2021 11:21,,"Sitelinks, Image pack"
78,table lamps,2,2,,61000,https://www.next.co.uk/shop/department-homeware-productaffiliation-lighting/category-tablelights,25,11339,0.7,18/10/2021 10:59,,"Knowledge card, Sitelinks, Image pack"
79,ladies slippers,1,1,,42000,https://www.next.co.uk/shop/gender-women-productaffiliation-footwear/category-slippers,20,11332,0.9,19/10/2021 19:27,,"Sitelinks, Image pack"
80,corner tv unit,2,2,,43000,https://www.next.co.uk/shop/department-homeware-productaffiliation-livingfurniture/category-tvunits,12,11330,0.9,19/10/2021 09:56,,"Sitelinks, Image pack, Top stories, Video"
81,mens sandals,1,1,,20000,https://www.next.co.uk/shop/gender-men-productaffiliation-footwear/category-sandals,6,11324,1.1,19/10/2021 09:34,,"Sitelinks, Image pack"
82,hoodies for men,1,1,,74000,https://www.next.co.uk/shop/gender-men-productaffiliation-sweatshirtsandhoodies-0,24,11323,1.3,19/10/2021 19:09,,"Shopping results, Thumbnail, Sitelinks, Adwords bottom"
83,womens pyjamas,1,2,16/10/2021 23:40,37000,https://www.next.co.uk/shop/gender-women-productaffiliation-nightwear/category-pyjamas,17,11279,0.9,18/10/2021 14:33,,"Sitelinks, Image pack"
84,duvet covers,3,2,17/10/2021 02:52,69000,https://www.next.co.uk/shop/department-homeware-productaffiliation-bedding-0,24,11176,0.7,19/10/2021 09:52,,Sitelinks
85,ladies loungewear,1,1,,17000,https://www.next.co.uk/shop/gender-women-productaffiliation-loungewear-0,11,11110,0.6,20/10/2021 00:45,,"Sitelinks, Image pack"
86,puffer coat women,1,2,18/10/2021 11:12,29000,https://www.next.co.uk/shop/gender-women-productaffiliation-coatsandjackets/category-coats-style-puffer,7,11103,,20/10/2021 07:05,,"Sitelinks, Image pack"
87,christmas jumper,1,1,,39000,https://www.next.co.uk/shop/style-christmassweater-0,12,11073,1,19/10/2021 15:27,,"Sitelinks, Image pack"
88,rugs,4,4,,111000,https://www.next.co.uk/shop/department-homeware-productaffiliation-rugsrunnersdoormats/category-rugs,54,11065,1.3,19/10/2021 18:42,,"Sitelinks, Image pack"
89,bedding,1,2,17/10/2021 00:47,87000,https://www.next.co.uk/shop/department-homeware-productaffiliation-bedding-0,32,11001,0.8,19/10/2021 03:21,,"Shopping results, Thumbnail, Sitelinks"
90,teddy bear coat,2,2,,37000,https://www.next.co.uk/shop/gender-women-productaffiliation-coatsandjackets/category-coats-style-teddy,5,10985,0.45,18/10/2021 16:52,,"Sitelinks, Image pack"
91,jackets for men,1,1,,43000,https://www.next.co.uk/shop/gender-men-productaffiliation-coatsandjackets-0,28,10717,1.1,20/10/2021 03:22,,"Sitelinks, Top stories, Thumbnail, Image pack"
92,sale,4,5,16/10/2021 01:34,137000,https://www.next.co.uk/nextsale,66,10561,0.25,18/10/2021 15:58,,"Sitelinks, Top stories, Thumbnail"
93,girls coats,2,1,17/10/2021 10:59,44000,https://www.next.co.uk/shop/gender-oldergirls-gender-youngergirls-productaffiliation-coatsandjackets-0,13,10469,0.8,19/10/2021 10:24,,"Sitelinks, Image pack"
94,shoes,4,4,,194000,https://www.next.co.uk/shop/gender-men-productaffiliation-footwear/category-shoes,79,10347,0.8,19/10/2021 09:48,,"Sitelinks, Image pack"
95,ladies pyjamas,1,1,,41000,https://www.next.co.uk/shop/gender-women-productaffiliation-nightwear/category-pyjamas,17,10295,1,20/10/2021 08:35,,"Sitelinks, Image pack"
96,mens jackets,1,1,,46000,https://www.next.co.uk/shop/gender-men-productaffiliation-coatsandjackets-0,28,10168,1,18/10/2021 09:26,,"Sitelinks, Image pack"
97,calvin klein boxers,3,3,,83000,https://www.next.co.uk/shop/gender-men-productaffiliation-underwear/brand-calvinklein,6,10120,0.7,19/10/2021 16:36,,Sitelinks
98,hunter wellies,3,2,18/10/2021 09:00,164000,https://www.next.co.uk/shop/brand-hunter-0,12,10073,0.5,20/10/2021 04:58,,"Sitelinks, People also ask"
99,mens sliders,2,1,16/10/2021 05:27,41000,https://www.next.co.uk/shop/gender-men-productaffiliation-footwear/category-sandals-style-sliders,6,10058,0.9,18/10/2021 21:26,,"Sitelinks, Image pack"
100,bedding sets,1,1,,38000,https://www.next.co.uk/shop/department-homeware-productaffiliation-bedding-0,36,9970,0.7,19/10/2021 12:16,,"Sitelinks, Image pack"
101,gin glasses,2,4,17/10/2021 06:33,58000,https://www.next.co.uk/shop/department-homeware-productaffiliation-kitchen/category-glasses-type-ginglasses,2,9849,0.6,19/10/2021 14:15,,"Sitelinks, People also ask, Image pack"
102,mens tracksuits,4,5,17/10/2021 14:23,78000,https://www.next.co.uk/shop/gender-men-productaffiliation-sportswear/category-tracksuits,23,9833,0.6,19/10/2021 09:35,,Sitelinks
103,wall clocks,3,2,18/10/2021 16:17,61000,https://www.next.co.uk/shop/department-homeware-productaffiliation-decorativeaccessories/category-clocks-type-wall,7,9805,0.6,20/10/2021 07:59,,"Sitelinks, People also ask, Image pack"
104,bridesmaid dresses uk,1,1,,16000,https://www.next.co.uk/shop/gender-women-category-dresses/use-bridesmaid,41,9729,0.5,19/10/2021 01:32,,"Sitelinks, Image pack"
105,tv cabinet,2,6,16/10/2021 21:30,45000,https://www.next.co.uk/shop/department-homeware-productaffiliation-livingfurniture/category-tvunits,18,9687,1.3,18/10/2021 17:23,,"Sitelinks, Image pack"
106,wardrobes,6,7,18/10/2021 19:22,130000,https://www.next.co.uk/shop/department-homeware-productaffiliation-bedroomfurniture/category-wardrobes,23,9586,2,20/10/2021 08:39,,"Knowledge card, Sitelinks, Image pack"
107,mother of the bride outfits,3,4,17/10/2021 16:12,48000,https://www.next.co.uk/shop/gender-women-category-dresses/use-motherofthebride,17,9581,0.4,19/10/2021 16:50,,"Sitelinks, Image pack, Top stories, Video"
108,corner shelf,3,3,,70000,https://www.next.co.uk/shop/department-homeware-category-shelves-0,1,9548,0.45,18/10/2021 21:07,,"Sitelinks, Image pack"
109,christmas decorations,5,5,,191000,https://www.next.co.uk/shop/department-homeware-productaffiliation-christmasdecorations-0,22,9435,0.4,19/10/2021 20:52,,"Sitelinks, Image pack"
110,secret santa ideas,1,1,,13000,https://www.next.co.uk/shop/promotion-secretsanta-0,8,9274,0.35,18/10/2021 20:58,,"People also ask, Top stories, Video, Sitelinks, Image pack"
111,mom jeans,3,3,,101000,https://www.next.co.uk/shop/gender-women-category-jeans/fit-mom,24,9229,0.7,18/10/2021 16:21,,"Sitelinks, People also ask, Image pack, Top stories, Video"
112,ladies dressing gowns,1,1,,24000,https://www.next.co.uk/shop/gender-women-productaffiliation-nightwear/category-robes,9,9150,0.8,18/10/2021 15:57,,"Sitelinks, Image pack"
113,boys coats,3,2,17/10/2021 02:49,54000,https://www.next.co.uk/shop/gender-olderboys-gender-youngerboys-productaffiliation-coatsandjackets-0,12,9124,0.8,19/10/2021 20:58,,"Sitelinks, Image pack"
114,swimsuit,1,1,,25000,https://www.next.co.uk/shop/gender-women-productaffiliation-swimwear/category-swimsuits,12,9050,1,20/10/2021 07:03,,"Shopping results, Thumbnail, Sitelinks, Top stories, Image pack, Video"
115,laura ashley curtains,1,1,,11000,https://www.next.co.uk/laura-ashley/shop/department-homeware-productaffiliation-curtainsandblinds/brand-lauraashley-category-curtains,0,9037,0.2,19/10/2021 02:56,,"Sitelinks, Image pack"
116,coffee table,3,3,,96000,https://www.next.co.uk/shop/department-homeware-productaffiliation-coffeesidetables-0,13,9025,1,13/08/2021 17:35,,"Shopping results, Thumbnail, Adwords top, Sitelinks, Adwords bottom"
117,wellington boots,2,2,,72000,https://www.next.co.uk/shop/gender-women-productaffiliation-footwear/category-wellies,12,9019,0.8,19/10/2021 08:31,,"Sitelinks, People also ask, Image pack"
118,dining table and chairs,7,5,18/10/2021 21:16,126000,https://www.next.co.uk/shop/department-homeware-productaffiliation-diningroomfurniture-0,31,9010,1.5,20/10/2021 02:09,,"Sitelinks, Image pack"
119,mens pyjamas,1,1,,33000,https://www.next.co.uk/shop/gender-men-productaffiliation-nightwear-0,9,8951,0.7,19/10/2021 10:05,,"Sitelinks, Image pack"
120,dining chairs,5,6,17/10/2021 17:25,76000,https://www.next.co.uk/shop/department-homeware-productaffiliation-diningroomfurniture/category-diningchairs,16,8915,1.8,19/10/2021 20:19,,"Sitelinks, Image pack"
121,gilet womens,2,2,,28000,https://www.next.co.uk/shop/gender-women-productaffiliation-coatsandjackets/category-gilets,6,8846,0.8,19/10/2021 17:47,,"Sitelinks, Image pack"
122,floral dress,1,1,,28000,https://www.next.co.uk/shop/gender-women-category-dresses/pattern-floral,8,8758,1.3,19/10/2021 18:49,,"Sitelinks, Top stories, Thumbnail, Image pack"
123,womens coats,1,1,,33000,https://www.next.co.uk/shop/gender-women-productaffiliation-coatsandjackets-0,49,8712,0.9,19/10/2021 18:30,,"Sitelinks, Image pack"
124,ladies jackets,1,1,,14000,https://www.next.co.uk/shop/gender-women-productaffiliation-coatsandjackets-0,49,8706,0.9,18/10/2021 08:58,,"Sitelinks, Image pack"
125,coats,2,1,17/10/2021 19:19,53000,https://www.next.co.uk/shop/gender-women-productaffiliation-coatsandjackets-0,56,8637,0.9,19/10/2021 16:03,,"Sitelinks, Top stories, Thumbnail, Image pack"
126,joe browns,2,2,,154000,https://www.next.co.uk/shop/brand-joebrowns-0,7,8602,0.07,18/10/2021 08:58,,"Sitelinks, People also ask"
127,ted baker pyjamas,1,1,,11000,https://www.next.co.uk/shop/gender-women-productaffiliation-nightwear/brand-bbytedbaker,0,8548,0.45,19/10/2021 10:07,,"Sitelinks, Image pack"
128,swimming costumes,2,2,,33000,https://www.next.co.uk/shop/gender-women-productaffiliation-swimwear-0,21,8538,1.1,19/10/2021 12:54,,"Knowledge card, Sitelinks, Image pack"
129,home accessories,1,1,,22000,https://www.next.co.uk/shop/department-homeware-productaffiliation-decorativeaccessories-0,37,8528,0.7,18/10/2021 23:25,,"Sitelinks, Image pack"
130,prom dresses uk,1,1,,23000,https://www.next.co.uk/shop/gender-women-category-dresses/use-prom,20,8452,0.5,20/10/2021 01:37,,Sitelinks
131,bedroom furniture,6,6,,96000,https://www.next.co.uk/shop/department-homeware-productaffiliation-bedroomfurniture-0,28,8382,1.9,19/10/2021 02:51,,"Sitelinks, Image pack"
132,womens gilet,2,2,,25000,https://www.next.co.uk/shop/gender-women-productaffiliation-coatsandjackets/category-gilets,6,8357,0.7,18/10/2021 08:56,,"Sitelinks, Image pack"
133,accent chairs,2,1,17/10/2021 13:13,40000,https://www.next.co.uk/shop/promotion-accentchairs-0,8,8312,0.9,19/10/2021 02:19,,"Sitelinks, People also ask, Image pack"
134,mens slippers uk,1,1,,20000,https://www.next.co.uk/shop/gender-men-productaffiliation-nightwear/category-slippers,10,8310,1.3,19/10/2021 09:56,,"Sitelinks, Image pack"
135,mens joggers,3,3,,46000,https://www.next.co.uk/shop/gender-men-category-joggers-0,12,8250,1,19/10/2021 01:01,,"Sitelinks, Image pack"
136,wall art,2,1,17/10/2021 21:56,108000,https://www.next.co.uk/shop/department-homeware-productaffiliation-decorativeaccessories/category-wallart,45,8241,0.6,19/10/2021 21:08,,"Shopping results, Thumbnail, Adwords top, Sitelinks, Image pack, Adwords bottom"
137,mens body warmer,1,1,,17000,https://www.next.co.uk/shop/gender-men-productaffiliation-coatsandjackets/category-gilets,1,8206,0.8,19/10/2021 21:18,,"Sitelinks, People also ask, Image pack"
138,hoodies,3,2,16/10/2021 23:06,86000,https://www.next.co.uk/shop/gender-men-productaffiliation-sweatshirtsandhoodies-0,16,8187,1,18/10/2021 12:32,,"Sitelinks, Image pack"
139,boys school shoes,3,3,,57000,https://www.next.co.uk/shop/gender-olderboys-gender-youngerboys-productaffiliation-schoolwear/category-shoes,10,8145,1.5,19/10/2021 23:18,,"Sitelinks, Image pack"
140,mens dressing gown,1,1,,32000,https://www.next.co.uk/shop/gender-men-productaffiliation-nightwear/category-robes,2,7922,0.7,19/10/2021 01:46,,"Sitelinks, Image pack"
141,push up bras,1,1,,30000,https://www.next.co.uk/shop/gender-women-productaffiliation-lingerie/category-bras-style-pushup,5,7878,1,18/10/2021 23:34,,"Sitelinks, People also ask, Top stories, Video"
142,tesco clothing,4,4,,185000,https://www.next.co.uk/shop/brand-ff-0,13,7836,0.7,19/10/2021 13:31,,"Sitelinks, Top stories, Thumbnail, Image pack"
143,eyelet curtains,1,1,,25000,https://www.next.co.uk/shop/department-homeware-productaffiliation-curtainsandblinds/category-curtains-type-eyelet,6,7746,0.8,19/10/2021 20:51,,"Sitelinks, Top stories, Video, Image pack"
144,skechers slippers,1,2,16/10/2021 07:28,17000,https://www.next.co.uk/shop/gender-women-productaffiliation-footwear/brand-skechers-category-slippers,0,7600,0.45,18/10/2021 12:03,,"Sitelinks, Image pack"
145,table lamp,2,3,16/10/2021 15:18,53000,https://www.next.co.uk/shop/department-homeware-productaffiliation-lighting/category-tablelights,21,7546,0.8,18/10/2021 16:16,,"Knowledge card, Sitelinks, Image pack"
146,yours,2,2,,165000,https://www.next.co.uk/shop/brand-yours-0,13,7440,0.15,19/10/2021 14:10,,"Sitelinks, Top stories, Video"
147,boys dressing gown,1,1,,24000,https://www.next.co.uk/shop/gender-olderboys-gender-youngerboys-productaffiliation-nightwear/category-robes,0,7430,0.6,18/10/2021 15:08,,"Sitelinks, Image pack"
148,birthday gifts for her,3,4,17/10/2021 21:01,48000,https://www.next.co.uk/shop/promotion-giftsforher-0,38,7429,1,19/10/2021 14:43,,"Sitelinks, Image pack"
149,sweatshirts for men,2,2,,28000,https://www.next.co.uk/shop/gender-men-productaffiliation-sweatshirtsandhoodies-0,12,7429,1.2,19/10/2021 14:37,,"Sitelinks, Image pack"
150,glass coffee table,1,4,17/10/2021 09:00,31000,https://www.next.co.uk/shop/department-homeware-productaffiliation-coffeesidetables-0,14,7407,0.8,19/10/2021 15:46,,"Sitelinks, Image pack"
151,mens underwear,1,1,,33000,https://www.next.co.uk/shop/gender-men-productaffiliation-underwear-0,22,7375,1.1,19/10/2021 02:00,,"Sitelinks, Top stories, Video, Image pack"
152,shirt,1,1,,39000,https://www.next.co.uk/shop/gender-men-category-shirts-0,45,7373,2.5,18/10/2021 16:00,,"Sitelinks, People also ask, Top stories, Thumbnail, Image pack"
153,ladies gilets,1,2,16/10/2021 09:03,14000,https://www.next.co.uk/shop/gender-women-productaffiliation-coatsandjackets/category-gilets,3,7356,1.3,18/10/2021 07:59,,"Sitelinks, Image pack"
154,hoodies for women,1,1,,32000,https://www.next.co.uk/shop/gender-women-productaffiliation-sweatshirtsandhoodies-0,22,7336,1,19/10/2021 19:31,,"Sitelinks, Image pack"
155,f and f,2,2,,34000,https://www.next.co.uk/shop/brand-ff-0,12,7309,0.1,19/10/2021 17:49,,"Sitelinks, People also ask, Top stories, Video, Image pack"
156,moccasin slippers mens,1,1,,17000,https://www.next.co.uk/shop/gender-men-productaffiliation-nightwear/category-slippers,1,7261,0.7,19/10/2021 21:43,,"Sitelinks, Image pack"
157,homeware,2,2,,30000,https://www.next.co.uk/homeware,52,7182,0.5,18/10/2021 23:52,,Sitelinks
158,tops for women,1,1,,29000,https://www.next.co.uk/shop/gender-women-productaffiliation-tops-0,51,7179,0.8,19/10/2021 14:17,,Sitelinks
159,cargo pants,2,2,,66000,https://www.next.co.uk/shop/gender-men-category-trousers/style-cargo,4,7150,1,19/10/2021 15:21,,"Sitelinks, Image pack, Top stories, Video"
160,black puffer coat,1,2,18/10/2021 18:51,21000,https://www.next.co.uk/shop/gender-women-productaffiliation-coatsandjackets/category-coats-style-puffer,7,7147,0.5,20/10/2021 04:27,,"Sitelinks, Image pack"
161,coffee tables,2,2,,26000,https://www.next.co.uk/shop/department-homeware-productaffiliation-coffeesidetables-0,14,7142,1.1,18/10/2021 11:04,,"Knowledge card, Sitelinks, Image pack"
162,baby girl coats,1,1,,14000,https://www.next.co.uk/shop/gender-newborngirls-gender-youngergirls-productaffiliation-coatsandjackets-0,2,7142,0.7,18/10/2021 16:20,,"Sitelinks, Image pack"
163,long cardigan,1,2,16/10/2021 11:46,27000,https://www.next.co.uk/shop/gender-women-productaffiliation-knitwear/category-cardigans,19,7052,0.9,18/10/2021 12:04,,"Sitelinks, Image pack"
164,mothers day gifts,3,4,18/10/2021 21:55,50000,https://www.next.co.uk/shop/promotion-mothersdaygifts-0,24,7027,1.4,20/10/2021 08:25,,Sitelinks
165,mens christmas pyjamas,1,1,,15000,https://www.next.co.uk/shop/gender-men-promotion-christmasnightwear-0,0,7022,0.45,19/10/2021 11:34,,"Sitelinks, Image pack"
166,womens hoodie,1,1,,20000,https://www.next.co.uk/shop/gender-women-productaffiliation-sweatshirtsandhoodies-0,22,7014,1.6,18/10/2021 12:59,,"Sitelinks, Image pack"
167,rug,2,4,17/10/2021 13:33,41000,https://www.next.co.uk/shop/department-homeware-productaffiliation-rugsrunnersdoormats/category-rugs,43,6951,1.9,19/10/2021 23:11,,"Sitelinks, Tweet box, Top stories, Thumbnail, Image pack"
168,laura ashley furniture,1,1,,9100,https://www.next.co.uk/laura-ashley/shop/department-homeware-productaffiliation-livingfurniture/brand-lauraashley,8,6918,0.2,20/10/2021 05:15,,"Sitelinks, People also ask, Image pack"
169,coasters,1,2,18/10/2021 21:31,34000,https://www.next.co.uk/shop/department-homeware-productaffiliation-kitchen/category-tablelinen-type-coasters,4,6885,0.7,20/10/2021 08:27,,"Sitelinks, Image pack"
170,black trousers for women,1,1,,21000,https://www.next.co.uk/shop/gender-women-category-trousers/colour-black,5,6849,1.3,19/10/2021 21:33,,"Sitelinks, Image pack"
171,prom dresses,1,1,,31000,https://www.next.co.uk/shop/gender-women-category-dresses/use-prom,18,6835,0.45,18/10/2021 15:00,,Sitelinks
172,footwear,1,2,16/10/2021 02:27,14000,https://www.next.co.uk/shop/gender-women-productaffiliation-footwear-0,74,6827,0.6,18/10/2021 01:29,,"Sitelinks, Top stories, Thumbnail, Image pack"
173,artificial plants,5,4,16/10/2021 10:56,64000,https://www.next.co.uk/shop/department-homeware-productaffiliation-decorativeaccessories/category-artificialflowers,26,6826,1,18/10/2021 15:11,,"Sitelinks, Image pack"
174,corner bookcase,1,1,,11000,https://www.next.co.uk/shop/department-homeware-category-shelves-0,4,6788,0.9,18/10/2021 17:57,,"Image pack, Sitelinks"
175,trainers,4,4,,90000,https://www.next.co.uk/shop/gender-men-productaffiliation-footwear/category-trainers,42,6755,0.9,19/10/2021 03:30,,"Sitelinks, Top stories, Thumbnail, Image pack"
176,lipsy dresses,1,1,,27000,https://www.next.co.uk/shop/gender-women-category-dresses/brand-lipsy,1,6743,0.15,18/10/2021 23:41,,"Sitelinks, People also ask, Image pack"
177,girls pyjamas,2,5,16/10/2021 17:52,30000,https://www.next.co.uk/shop/gender-oldergirls-gender-youngergirls-productaffiliation-nightwear-0,10,6733,0.9,18/10/2021 19:22,,"Sitelinks, Image pack"
178,shoes for men,1,3,16/10/2021 23:26,27000,https://www.next.co.uk/shop/gender-men-productaffiliation-footwear-0,35,6704,1.2,18/10/2021 15:43,,"Shopping results, Thumbnail, Sitelinks"
179,womens christmas jumper,2,2,,26000,https://www.next.co.uk/shop/gender-women-category-jumpers/style-christmassweater,6,6696,,20/10/2021 09:00,,"Sitelinks, Image pack"
180,boys tracksuits,2,2,,35000,https://www.next.co.uk/shop/gender-olderboys-gender-youngerboys-productaffiliation-sportswear/category-tracksuits,9,6685,0.6,20/10/2021 02:36,,"Sitelinks, Image pack"
181,nextpay,1,1,,8100,https://www.next.co.uk/credit,27,6626,,19/10/2021 18:30,,"Sitelinks, People also ask"
182,ladies coats,1,1,,30000,https://www.next.co.uk/shop/gender-women-productaffiliation-coatsandjackets-0,49,6616,1,18/10/2021 16:18,,"Sitelinks, Image pack"
183,duvet sets,2,1,16/10/2021 17:40,26000,https://www.next.co.uk/shop/department-homeware-productaffiliation-bedding-0,28,6614,0.6,18/10/2021 15:20,,"Sitelinks, Image pack"
184,laura ashley bedding,1,1,,8200,https://www.next.co.uk/laura-ashley/shop/department-homeware-productaffiliation-bedding/brand-lauraashley,1,6559,0.2,19/10/2021 09:36,,"Sitelinks, Image pack"
185,gifts for women,1,1,,27000,https://www.next.co.uk/shop/promotion-giftsforher-0,39,6527,0.7,19/10/2021 09:26,,"Sitelinks, Image pack"
186,fleece lined leggings,2,3,17/10/2021 07:24,21000,https://www.next.co.uk/g66117s4/582164,1,6513,0.6,19/10/2021 02:28,,"People also ask, Sitelinks, Top stories, Video"
187,jacket,2,4,17/10/2021 19:55,77000,https://www.next.co.uk/shop/gender-women-productaffiliation-coatsandjackets-0,50,6497,1,19/10/2021 21:07,,"Sitelinks, People also ask, Top stories, Thumbnail, Image pack"
188,womens dressing gown,1,1,,19000,https://www.next.co.uk/shop/gender-women-productaffiliation-nightwear/category-robes,9,6478,0.9,19/10/2021 00:29,,"Sitelinks, Image pack"
189,christmas gifts,4,6,18/10/2021 20:19,61000,https://www.next.co.uk/shop/promotion-christmasgifts-0,43,6464,0.8,20/10/2021 04:22,,"Sitelinks, People also ask, Top stories, Thumbnail"
190,long sleeve polo shirts,1,1,,12000,https://www.next.co.uk/shop/gender-men-productaffiliation-tops/category-poloshirts-sleeve-longsleeve,3,6459,1.1,19/10/2021 10:31,,"Sitelinks, Image pack"
191,lamps for bedside tables,1,1,,18000,https://www.next.co.uk/shop/department-homeware-productaffiliation-lighting/category-tablelights,21,6443,,19/10/2021 15:52,,"Shopping results, Thumbnail, People also ask, Image pack, Sitelinks"
192,wall lights,3,2,18/10/2021 11:43,79000,https://www.next.co.uk/shop/department-homeware-productaffiliation-lighting/category-walllights,9,6433,1,20/10/2021 03:33,,"Adwords top, Sitelinks, Image pack, Adwords bottom"
193,floor lamps,3,4,17/10/2021 12:04,34000,https://www.next.co.uk/shop/department-homeware-productaffiliation-lighting/category-floorlights,21,6428,0.9,19/10/2021 19:01,,"Knowledge card, Sitelinks, Image pack"
194,www.next.co.uk,1,1,,7700,https://www.next.co.uk/,62,6420,,19/10/2021 09:32,,Sitelinks
195,underwear women,1,1,,20000,https://www.next.co.uk/shop/gender-women-productaffiliation-lingerie-0,41,6414,0.6,18/10/2021 22:19,,"Sitelinks, Image pack"
196,tripod floor lamp,2,1,16/10/2021 05:27,29000,https://www.next.co.uk/shop/department-homeware-productaffiliation-lighting/category-floorlights,12,6395,0.8,18/10/2021 14:34,,"People also ask, Sitelinks, Image pack, Top stories, Video"
197,jumpers for women,1,1,,23000,https://www.next.co.uk/shop/gender-women-productaffiliation-knitwear/category-jumpers,33,6370,0.9,19/10/2021 03:07,,Sitelinks
198,grey hoodie,1,2,16/10/2021 01:03,23000,https://www.next.co.uk/shop/gender-men-productaffiliation-sweatshirtsandhoodies/colour-grey,9,6368,0.8,18/10/2021 22:08,,"Sitelinks, Image pack"
199,leather leggings,1,1,,20000,https://www.next.co.uk/shop/gender-women-category-leggings/madewith-fauxleather,3,6367,1.2,19/10/2021 01:05,,"Sitelinks, Image pack, Top stories, Video"
200,maxi dresses,2,2,,30000,https://www.next.co.uk/shop/gender-women-category-dresses/style-maxidress,35,6353,0.9,19/10/2021 22:19,,"Knowledge card, Sitelinks, Image pack"
201,jumper dress,2,2,,30000,https://www.next.co.uk/shop/gender-women-category-dresses/style-jumperdress,8,6323,0.6,19/10/2021 11:19,,"Sitelinks, Image pack"
202,party dresses,2,1,17/10/2021 00:35,35000,https://www.next.co.uk/shop/gender-women-category-dresses/use-partywear,35,6318,0.7,19/10/2021 18:50,,"Sitelinks, Image pack"
203,mens christmas jumpers,1,1,,20000,https://www.next.co.uk/shop/style-christmassweater-0,1,6296,0.5,20/10/2021 08:05,,"Sitelinks, Image pack"
204,girls wellies,1,1,,23000,https://www.next.co.uk/shop/gender-oldergirls-gender-youngergirls-productaffiliation-footwear/category-wellies,5,6282,0.6,19/10/2021 00:56,,Sitelinks
205,mens jeans,1,1,,30000,https://www.next.co.uk/shop/gender-men-category-jeans-0,25,6281,1.7,18/10/2021 14:42,,"Sitelinks, Image pack"
206,mens white trainers,2,2,,34000,https://www.next.co.uk/shop/gender-men-productaffiliation-footwear/category-trainers-colour-white,11,6255,0.9,20/10/2021 02:28,,"Sitelinks, Image pack"
207,womens clothing,2,1,17/10/2021 19:00,50000,https://www.next.co.uk/women,67,6227,0.9,19/10/2021 22:00,,"Sitelinks, Image pack, Adwords bottom"
208,joules wellies,2,8,18/10/2021 13:17,61000,https://www.next.co.uk/shop/gender-women-productaffiliation-footwear/brand-joules-category-wellies,0,6212,0.5,20/10/2021 07:28,,"Sitelinks, People also ask, Image pack"
209,makeup bag,2,2,,36000,https://www.next.co.uk/shop/category-cosmeticbags-0,7,6208,0.8,19/10/2021 11:56,,"Knowledge card, Sitelinks, Image pack"
210,nest of tables,1,1,,31000,https://www.next.co.uk/shop/department-homeware-productaffiliation-livingfurniture/category-nestoftables,6,6178,1.1,19/10/2021 21:57,,"Shopping results, Thumbnail, Adwords top, Sitelinks, People also ask, Image pack, Adwords bottom"
211,shirt dress,3,4,17/10/2021 23:47,53000,https://www.next.co.uk/shop/gender-women-category-dresses/style-shirtdress,20,6162,0.8,19/10/2021 11:08,,"Sitelinks, Image pack"
212,school bags for girls,1,1,,25000,https://www.next.co.uk/shop/gender-oldergirls-gender-youngergirls-productaffiliation-schoolwear/category-bags,6,6157,0.6,18/10/2021 16:41,,Sitelinks
213,chelsea boots women,1,1,,33000,https://www.next.co.uk/shop/gender-women-productaffiliation-footwear/category-boots-style-chelsea,8,6149,0.8,19/10/2021 22:45,,"Sitelinks, Image pack"
214,throws for beds,1,1,,18000,https://www.next.co.uk/shop/department-homeware-productaffiliation-cushionsandthrows/category-throws,18,6143,0.9,20/10/2021 02:33,,"Sitelinks, People also ask, Top stories, Video"
215,mens slipper boots,1,1,,11000,https://www.next.co.uk/shop/gender-men-productaffiliation-nightwear/category-slippers,3,6119,0.8,19/10/2021 18:26,,"Sitelinks, Image pack"
216,curtain pole,5,5,,75000,https://www.next.co.uk/shop/department-homeware-productaffiliation-curtainpoles-0,9,6115,0.7,19/10/2021 03:47,,"Sitelinks, Top stories, Video, Image pack"
217,winter coats men,1,1,,15000,https://www.next.co.uk/shop/gender-men-productaffiliation-coatsandjackets-0,18,6114,0.9,19/10/2021 09:50,,"Sitelinks, Image pack"
218,winter coat,1,1,,47000,https://www.next.co.uk/shop/gender-women-productaffiliation-coatsandjackets-0,23,6105,0.6,19/10/2021 21:01,,"Sitelinks, Top stories, Thumbnail, Image pack"
219,womens scarves,1,2,16/10/2021 10:44,17000,https://www.next.co.uk/shop/gender-women-productaffiliation-hatsglovesscarves/category-scarves,18,6099,1.2,18/10/2021 14:04,,"Sitelinks, Image pack"
220,dressing table mirror,3,2,17/10/2021 08:54,39000,https://www.next.co.uk/shop/department-homeware-category-mirrors/type-dressingtable,0,6052,0.7,19/10/2021 15:45,,"Sitelinks, Image pack"
221,skater dress,2,2,,29000,https://www.next.co.uk/shop/gender-women-category-dresses/style-skater,26,6028,0.7,19/10/2021 10:47,,"Sitelinks, Image pack"
222,jumpers,2,1,18/10/2021 20:15,64000,https://www.next.co.uk/shop/gender-women-productaffiliation-knitwear/category-jumpers,35,6025,0.9,20/10/2021 05:09,,"Knowledge card, Sitelinks, Top stories, Thumbnail, Image pack"
223,grey rug,2,2,,40000,https://www.next.co.uk/shop/department-homeware-productaffiliation-rugsrunnersdoormats/category-rugs-colour-grey,2,5997,0.9,18/10/2021 17:43,,"Sitelinks, Image pack"
224,midi dresses for women,1,1,,18000,https://www.next.co.uk/shop/gender-women-category-dresses/length-midi,29,5987,,19/10/2021 09:51,,"Sitelinks, Image pack"
225,new baby gifts,2,4,17/10/2021 21:19,21000,https://www.next.co.uk/shop/occasion-newbaby-0,10,5983,1,19/10/2021 08:49,,"Sitelinks, Image pack"
226,padded coat,1,1,,12000,https://www.next.co.uk/shop/gender-women-productaffiliation-coatsandjackets/category-coats-style-puffer,5,5969,0.7,18/10/2021 15:41,,"Sitelinks, Image pack"
227,pyjama set,1,1,,17000,https://www.next.co.uk/shop/gender-women-productaffiliation-nightwear/category-pyjamas,17,5946,1,18/10/2021 21:24,,"Sitelinks, Image pack"
228,grey curtains,2,2,,39000,https://www.next.co.uk/shop/department-homeware-productaffiliation-curtainsandblinds/category-curtains-colour-grey,1,5932,0.6,18/10/2021 20:18,,"Sitelinks, Image pack"
229,silk pajamas,1,1,,17000,https://www.next.co.uk/shop/gender-women-productaffiliation-nightwear/category-pyjamas-style-satin,2,5927,0.9,19/10/2021 14:09,,"People also ask, Sitelinks, Image pack"
230,womens puffer jacket,1,2,16/10/2021 03:13,22000,https://www.next.co.uk/shop/gender-women-productaffiliation-coatsandjackets/category-coats-style-puffer,7,5916,0.8,18/10/2021 15:11,,"Sitelinks, Image pack"
231,cross body bags,1,2,18/10/2021 19:38,15000,https://www.next.co.uk/shop/gender-women-productaffiliation-accessories/category-bags-style-acrossthebody,5,5898,0.9,20/10/2021 08:41,,"Sitelinks, Image pack"
232,girls gilets,1,1,,8900,https://www.next.co.uk/shop/gender-oldergirls-gender-youngergirls-productaffiliation-coatsandjackets/category-gilets,0,5896,1.2,19/10/2021 19:33,,"Sitelinks, Image pack"
233,black handbag,1,1,,27000,https://www.next.co.uk/shop/gender-women-productaffiliation-accessories/category-bags-colour-black,2,5884,1.1,19/10/2021 16:20,,"Sitelinks, Image pack"
234,womens padded coat,1,1,,15000,https://www.next.co.uk/shop/gender-women-productaffiliation-coatsandjackets-0,8,5882,0.7,18/10/2021 08:10,,"Sitelinks, Image pack"
235,pink blazer,1,1,,18000,https://www.next.co.uk/shop/gender-women-productaffiliation-coatsandjackets/colour-pink-style-blazer,3,5867,0.6,18/10/2021 15:50,,"Sitelinks, Image pack"
236,scarves,1,3,18/10/2021 16:48,40000,https://www.next.co.uk/shop/gender-women-productaffiliation-hatsglovesscarves/category-scarves,18,5851,1,20/10/2021 05:05,,"Sitelinks, Image pack"
237,chest of drawers,9,8,18/10/2021 20:52,173000,https://www.next.co.uk/shop/department-homeware-productaffiliation-bedroomfurniture/category-chests,14,5841,1.5,20/10/2021 05:21,,"Knowledge card, Sitelinks, Image pack"
238,shift dresses,2,2,,20000,https://www.next.co.uk/shop/gender-women-category-dresses/style-shift,7,5840,1.6,19/10/2021 06:15,,"Knowledge card, Sitelinks, People also ask, Image pack"
239,girls trainers,3,2,16/10/2021 20:29,49000,https://www.next.co.uk/shop/gender-oldergirls-gender-youngergirls-productaffiliation-footwear/category-trainers,6,5827,1.1,18/10/2021 21:07,,"Sitelinks, Image pack"
240,leather jacket,2,2,,62000,https://www.next.co.uk/shop/gender-women-productaffiliation-coatsandjackets/madewith-leather,10,5818,1,18/10/2021 21:46,,"Knowledge card, Sitelinks, People also ask, Image pack"
241,matching family christmas pyjamas,2,1,17/10/2021 18:15,23000,https://www.next.co.uk/shop/productaffiliation-nightwear-promotion-familychristmas-0,1,5807,,19/10/2021 10:55,,Image pack
242,sofa throws,1,1,,25000,https://www.next.co.uk/shop/department-homeware-productaffiliation-cushionsandthrows/category-throws,15,5803,0.45,19/10/2021 09:36,,"Sitelinks, Image pack"
243,boys suits,1,1,,15000,https://www.next.co.uk/shop/gender-olderboys-gender-youngerboys-productaffiliation-boyssuits-0,7,5796,0.6,18/10/2021 11:23,,Sitelinks
244,womens long cardigan,1,1,,15000,https://www.next.co.uk/shop/gender-women-productaffiliation-knitwear/category-cardigans,19,5769,0.8,18/10/2021 21:34,,"Sitelinks, Image pack"
245,mens leather jackets,2,6,17/10/2021 18:55,19000,https://www.next.co.uk/shop/gender-men-productaffiliation-coatsandjackets/category-jackets-style-biker,12,5756,1,19/10/2021 22:43,,"Sitelinks, People also ask, Image pack"
246,christmas presents,2,2,,37000,https://www.next.co.uk/shop/promotion-christmasgifts-0,43,5755,0.9,19/10/2021 12:04,,"Top stories, Thumbnail, Sitelinks, People also ask, Video, Image pack"
247,wallets for men,2,1,17/10/2021 01:01,38000,https://www.next.co.uk/shop/gender-men-productaffiliation-accessories/category-wallets,11,5744,0.9,19/10/2021 23:31,,"Sitelinks, People also ask, Image pack"
248,black boots,2,2,,44000,https://www.next.co.uk/shop/gender-women-productaffiliation-footwear/category-boots-length-ankle,48,5741,0.9,19/10/2021 14:23,,"Sitelinks, Image pack"
249,f and f clothing,2,2,,27000,https://www.next.co.uk/shop/brand-ff-0,12,5737,0.6,20/10/2021 02:34,,"Sitelinks, People also ask"
250,ladder shelves,1,1,,25000,https://www.next.co.uk/shop/department-homeware-category-shelves-0,0,5725,0.8,19/10/2021 13:45,,"Sitelinks, Image pack, Top stories, Video"
251,pyjama sets,1,1,,16000,https://www.next.co.uk/shop/gender-women-productaffiliation-nightwear/category-pyjamas,11,5720,0.9,19/10/2021 13:05,,"Sitelinks, Image pack"
252,f&f,3,3,,56000,https://www.next.co.uk/shop/brand-ff-0,12,5715,0.15,19/10/2021 23:22,,"Sitelinks, Top stories, Thumbnail, Image pack"
253,baby blankets,1,1,,37000,https://www.next.co.uk/shop/department-homeware-productaffiliation-nurseryandbaby/category-blankets,4,5714,0.8,19/10/2021 22:57,,"Adwords top, Sitelinks, People also ask, Image pack, Shopping results, Thumbnail"
254,loungewear set,3,1,18/10/2021 21:53,43000,https://www.next.co.uk/shop/gender-women-productaffiliation-loungewear-0,28,5695,0.6,20/10/2021 05:40,,"Sitelinks, Image pack"
255,cargo shorts for men,1,1,,15000,https://www.next.co.uk/shop/gender-men-category-shorts/style-cargo,4,5691,1.6,19/10/2021 23:26,,"Sitelinks, People also ask, Image pack"
256,dresses for women,1,1,,24000,https://www.next.co.uk/shop/gender-women-category-dresses-0,66,5670,0.9,20/10/2021 03:15,,"Sitelinks, Image pack"
257,petite clothes,1,1,,13000,https://www.next.co.uk/shop/gender-women/sizetype-petite,43,5656,1.2,19/10/2021 22:13,,Sitelinks
258,ankle boots,4,4,,55000,https://www.next.co.uk/shop/gender-women-productaffiliation-footwear/category-boots-length-ankle,19,5622,1,18/10/2021 01:23,,"Knowledge card, Sitelinks, Image pack"
259,cardigans for women,1,1,,14000,https://www.next.co.uk/shop/gender-women-productaffiliation-knitwear/category-cardigans,24,5617,1.1,20/10/2021 03:10,,"Sitelinks, Image pack"
260,sequin dress,1,2,16/10/2021 09:56,24000,https://www.next.co.uk/shop/gender-women-category-dresses/pattern-sequin,13,5593,0.6,18/10/2021 08:55,,"Sitelinks, Image pack"
261,jeans,3,3,,92000,https://www.next.co.uk/shop/gender-women-category-jeans-0,45,5590,1.2,18/10/2021 09:06,,"Sitelinks, People also ask, Top stories, Thumbnail, Image pack, Video"
262,sports bra,3,4,18/10/2021 09:35,59000,https://www.next.co.uk/shop/gender-women-productaffiliation-sportswear/category-bras,22,5583,1.4,20/10/2021 01:48,,"Sitelinks, People also ask, Image pack"
263,maxi dresses for women,1,1,,15000,https://www.next.co.uk/shop/gender-women-category-dresses/style-maxidress,28,5569,0.8,18/10/2021 14:47,,"Sitelinks, Image pack"
264,waistcoats,1,1,,17000,https://www.next.co.uk/shop/gender-men-category-waistcoats-0,2,5566,1.6,19/10/2021 20:40,,"Sitelinks, Image pack"
265,nike pro shorts,4,4,,58000,https://www.next.co.uk/shop/promotion-nikepro-0,0,5555,0.5,18/10/2021 16:35,,Sitelinks
266,knickers,1,1,,32000,https://www.next.co.uk/shop/gender-women-productaffiliation-lingerie/category-knickers,8,5554,0.9,19/10/2021 01:51,,"Sitelinks, People also ask"
267,kids christmas jumpers,2,2,,26000,https://www.next.co.uk/shop/department-childrenswear-promotion-christmasnovelty-0,0,5547,0.3,19/10/2021 11:09,,"Sitelinks, Image pack, Top stories, Video"
268,gifts for him,4,2,18/10/2021 01:36,44000,https://www.next.co.uk/shop/promotion-giftsforhim-0,43,5544,0.8,20/10/2021 01:38,,"Sitelinks, Image pack"
269,corner shelf unit,1,1,,13000,https://www.next.co.uk/shop/department-homeware-category-shelves-0,0,5535,0.6,20/10/2021 01:16,,"Sitelinks, Image pack"
270,hoop earrings,2,2,,33000,https://www.next.co.uk/shop/gender-women-productaffiliation-jewellery/category-earrings-style-hoop,6,5531,0.7,19/10/2021 04:34,,"Knowledge card, Sitelinks, Image pack"
271,straight leg jeans,1,2,17/10/2021 20:52,23000,https://www.next.co.uk/shop/gender-women-category-jeans/fit-straight,4,5524,1.3,19/10/2021 07:34,,"Sitelinks, People also ask, Image pack"
272,shoes for women,1,1,,18000,https://www.next.co.uk/shop/gender-women-productaffiliation-footwear-0,50,5518,0.9,18/10/2021 12:04,,Sitelinks
273,wedding suits,1,1,,13000,https://www.next.co.uk/shop/promotion-weddingsuits-0,15,5507,1,18/10/2021 12:06,,"Sitelinks, Image pack"
274,longline cardigan,1,1,,11000,https://www.next.co.uk/shop/gender-women-productaffiliation-knitwear/category-cardigans,16,5506,0.9,18/10/2021 13:49,,"Sitelinks, Image pack"
275,midi skirt,2,1,17/10/2021 15:43,39000,https://www.next.co.uk/shop/gender-women-category-skirts/length-midi,18,5497,0.8,19/10/2021 03:10,,"Sitelinks, Image pack"
276,grey joggers,1,3,17/10/2021 18:05,27000,https://www.next.co.uk/shop/gender-men-category-joggers/colour-grey,7,5491,0.9,19/10/2021 09:32,,"People also ask, Sitelinks, Image pack"
277,denim jacket women,1,1,,22000,https://www.next.co.uk/shop/gender-women-productaffiliation-coatsandjackets/style-denim,4,5477,0.8,19/10/2021 12:29,,"People also ask, Sitelinks, Image pack"
278,baby sleeping bags,3,1,17/10/2021 18:31,46000,https://www.next.co.uk/shop/department-homeware-category-sleepbag-0,12,5463,0.7,19/10/2021 09:51,,"People also ask, Sitelinks, Image pack"
279,baby coats,1,1,,14000,https://www.next.co.uk/shop/gender-newbornboys-gender-newborngirls-gender-newbornunisex-productaffiliation-coatsandjackets-0,2,5455,0.8,18/10/2021 00:50,,"Sitelinks, Top stories, Video, Image pack"
280,trainers for men,1,3,16/10/2021 04:52,31000,https://www.next.co.uk/shop/gender-men-productaffiliation-footwear/category-trainers,43,5450,1,18/10/2021 23:22,,"Sitelinks, Image pack"
281,aviator jacket,1,1,,31000,https://www.next.co.uk/shop/gender-women-productaffiliation-coatsandjackets/style-aviator,0,5447,0.7,20/10/2021 06:37,,"Sitelinks, Image pack"
282,cardigan,2,1,17/10/2021 04:52,72000,https://www.next.co.uk/shop/gender-women-productaffiliation-knitwear/category-cardigans,41,5444,0.9,19/10/2021 09:38,,"Knowledge card, Sitelinks, Image pack, Top stories, Video"
283,black gilet womens,1,1,,12000,https://www.next.co.uk/shop/gender-women-productaffiliation-coatsandjackets/category-gilets,2,5442,0.8,18/10/2021 15:52,,"Sitelinks, Image pack"
284,chelsea boots,2,2,,61000,https://www.next.co.uk/shop/gender-women-productaffiliation-footwear/category-boots-style-chelsea,11,5436,1.1,19/10/2021 17:45,,"Sitelinks, People also ask, Image pack"
285,girls waterproof jacket,1,1,,12000,https://www.next.co.uk/shop/gender-oldergirls-gender-youngergirls-productaffiliation-coatsandjackets-0,12,5423,0.6,20/10/2021 08:18,,"Sitelinks, Image pack"
286,kids shoe size chart,1,1,,14000,https://www.next.co.uk/shoes/childrens-size-guide/conversion-chart,13,5417,1.7,18/10/2021 11:36,,"Sitelinks, People also ask"
287,mens shirts,1,1,,26000,https://www.next.co.uk/shop/gender-men-category-shirts-0,36,5411,2,18/10/2021 09:14,,"Sitelinks, Image pack"
288,blue bridesmaid dresses,1,1,,11000,https://www.next.co.uk/shop/gender-women-category-dresses/colour-blue-use-bridesmaid,3,5396,0.45,19/10/2021 01:06,,"Sitelinks, Image pack"
289,sandals,3,2,17/10/2021 15:04,83000,https://www.next.co.uk/shop/gender-women-productaffiliation-footwear/category-sandals,42,5394,0.9,19/10/2021 13:51,,"Sitelinks, Image pack"
290,strapless bra,1,1,,25000,https://www.next.co.uk/shop/gender-women-productaffiliation-lingerie/category-bras,8,5387,1,18/10/2021 09:59,,"Sitelinks, Top stories, Video, Image pack"
291,bedside table,4,4,,97000,https://www.next.co.uk/shop/department-homeware-productaffiliation-bedroomfurniture/category-bedsidetables,20,5359,1.1,20/10/2021 07:43,,"Shopping results, Thumbnail, Adwords top, Sitelinks, People also ask, Adwords bottom"
292,large wall clocks,2,2,,23000,https://www.next.co.uk/shop/department-homeware-productaffiliation-decorativeaccessories/category-clocks-type-wall,7,5345,0.5,18/10/2021 05:54,,"Sitelinks, Image pack"
293,floral blouse,1,1,,4000,https://www.next.co.uk/shop/gender-women-productaffiliation-tops/category-blouses-pattern-floral,3,5335,0.7,18/10/2021 06:28,,"Image pack, Sitelinks"
294,ladies dresses,1,1,,17000,https://www.next.co.uk/shop/gender-women-category-dresses-0,65,5328,1,19/10/2021 21:46,,"Sitelinks, Image pack, Adwords bottom"
295,valentines gifts for her,2,1,18/10/2021 14:28,20000,https://www.next.co.uk/shop/promotion-valentinesforher-0,12,5303,1,20/10/2021 01:43,,"Featured snippet, People also ask, Sitelinks, Image pack"
296,girl,10,10,,259000,https://www.next.co.uk/girls,65,5288,0.8,19/10/2021 21:03,,"Top stories, Thumbnail, Image pack, Sitelinks, Knowledge panel"
297,embroidered dress,1,1,,7700,https://www.next.co.uk/shop/gender-women-category-dresses/pattern-embroidery,0,5271,0.8,19/10/2021 18:24,,"Sitelinks, Image pack"
298,florence and fred,2,2,,22000,https://www.next.co.uk/shop/brand-ff-0,0,5270,0.3,20/10/2021 05:46,,"Sitelinks, Top stories, Video, Image pack"
299,boy jeans,1,1,,9800,https://www.next.co.uk/shop/gender-olderboys-gender-youngerboys-category-jeans-0,4,5257,1.2,20/10/2021 03:36,,"Sitelinks, Image pack"
300,denim jacket,1,1,,54000,https://www.next.co.uk/shop/gender-women-productaffiliation-coatsandjackets/style-denim,4,5244,0.8,18/10/2021 21:33,,"Shopping results, Thumbnail, Sitelinks, People also ask, Knowledge panel"
301,touch bedside lamps,1,1,,8700,https://www.next.co.uk/shop/department-homeware-productaffiliation-lighting/category-tablelights,4,5241,0.6,19/10/2021 05:06,,"Sitelinks, People also ask, Top stories, Video, Image pack"
302,womens checked shirt,1,1,,14000,https://www.next.co.uk/shop/gender-women-productaffiliation-tops/category-shirts-pattern-check,2,5239,0.8,19/10/2021 01:19,,"Image pack, Sitelinks"
303,light shades,3,4,17/10/2021 13:43,42000,https://www.next.co.uk/shop/department-homeware-productaffiliation-lighting/category-ceilinglights-type-pendantsandshades,9,5212,0.6,19/10/2021 08:29,,"Sitelinks, Image pack"
304,leggings,3,1,17/10/2021 00:34,59000,https://www.next.co.uk/shop/gender-women-category-leggings-0,35,5140,0.9,19/10/2021 09:16,,"Sitelinks, People also ask, Top stories, Thumbnail, Image pack"
305,living room furniture,3,5,18/10/2021 11:41,32000,https://www.next.co.uk/shop/department-homeware-productaffiliation-livingfurniture-0,27,5135,1.1,20/10/2021 05:49,,"Sitelinks, Image pack"
306,bedside tables,4,4,,39000,https://www.next.co.uk/shop/department-homeware-productaffiliation-bedroomfurniture/category-bedsidetables,20,5134,1.5,18/10/2021 23:20,,"Sitelinks, Image pack"
307,womens gym wear,1,2,17/10/2021 23:17,13000,https://www.next.co.uk/shop/gender-women-productaffiliation-sportswear-0,44,5124,1.1,19/10/2021 12:01,,"Sitelinks, Image pack"
308,men jeans,1,1,,15000,https://www.next.co.uk/shop/gender-men-category-jeans-0,26,5115,1.6,18/10/2021 12:24,,"Sitelinks, Image pack"
309,wedding guest dress,2,1,17/10/2021 19:57,26000,https://www.next.co.uk/shop/gender-women-category-dresses/use-weddingguest,34,5113,1,19/10/2021 06:49,,"Sitelinks, Image pack"
310,bra size calculator,5,5,,32000,https://www.next.co.uk/bra-size-calculator,34,5111,0.6,19/10/2021 23:13,,"People also ask, Sitelinks, Image pack"
311,mint velvet,2,2,,242000,https://www.next.co.uk/shop/brand-mintvelvet-0,5,5111,0.2,20/10/2021 03:38,,"Sitelinks, People also ask, Shopping results, Thumbnail, Knowledge panel"
312,bathroom accessories,1,2,16/10/2021 23:52,33000,https://www.next.co.uk/shop/department-homeware-productaffiliation-bathroom-0,6,5105,0.7,18/10/2021 12:15,,"Sitelinks, Image pack, Adwords bottom"
313,ladies wellies,1,1,,19000,https://www.next.co.uk/shop/gender-women-productaffiliation-footwear/category-wellies,12,5103,0.7,19/10/2021 14:15,,"Sitelinks, People also ask, Image pack"
314,velvet dining chairs,1,3,17/10/2021 01:08,12000,https://www.next.co.uk/shop/department-homeware-productaffiliation-diningroomfurniture/category-diningchairs,2,5101,0.8,19/10/2021 10:18,,"Sitelinks, Image pack"
315,black dining chairs,1,3,17/10/2021 15:33,14000,https://www.next.co.uk/shop/department-homeware-productaffiliation-diningroomfurniture/category-diningchairs,9,5092,1.2,19/10/2021 03:40,,"Sitelinks, Image pack"
316,mens winter coats,1,1,,10000,https://www.next.co.uk/shop/gender-men-productaffiliation-coatsandjackets-0,24,5088,0.8,19/10/2021 02:19,,"Sitelinks, People also ask, Image pack"
317,black jeans,1,1,,34000,https://www.next.co.uk/shop/gender-women-category-jeans/colour-black,6,5087,1,19/10/2021 13:11,,"People also ask, Sitelinks, Image pack"
318,pleated skirt,1,1,,30000,https://www.next.co.uk/shop/gender-women-category-skirts/style-pleated,5,5087,0.9,19/10/2021 17:56,,"Sitelinks, People also ask, Image pack, Top stories, Video"
319,shacket,2,3,16/10/2021 19:38,48000,https://www.next.co.uk/shop/gender-women-productaffiliation-coatsandjackets/style-shacket,9,5076,0.8,18/10/2021 17:17,,"Sitelinks, People also ask"
320,purses for women,1,4,16/10/2021 18:50,14000,https://www.next.co.uk/shop/gender-women-productaffiliation-accessories/category-purses,12,5070,0.6,18/10/2021 21:44,,"Sitelinks, Image pack"
321,christmas jumpers men,1,1,,7000,https://www.next.co.uk/shop/style-christmassweater-0,1,5067,0.6,20/10/2021 07:45,,"Sitelinks, Image pack"
322,tv unit,2,2,,51000,https://www.next.co.uk/shop/department-homeware-productaffiliation-livingfurniture/category-tvunits,21,5053,1,19/10/2021 20:16,,"Shopping results, Thumbnail, Adwords top, Sitelinks, Image pack, Adwords bottom"
323,leather skirt,1,1,,16000,https://www.next.co.uk/shop/gender-women-category-skirts/madewith-leather,0,5026,0.9,19/10/2021 09:52,,"Sitelinks, Image pack, Top stories, Video"
324,pink shirt,1,1,,14000,https://www.next.co.uk/shop/gender-men-category-shirts/colour-pink,0,5024,2,19/10/2021 13:08,,Image pack
325,floral midi dress,1,1,,16000,https://www.next.co.uk/shop/gender-women-category-dresses/length-midi,28,4988,0.7,18/10/2021 12:45,,"Sitelinks, Image pack"
326,girls tracksuit,2,2,,21000,https://www.next.co.uk/shop/gender-oldergirls-gender-youngergirls-productaffiliation-sportswear/category-tracksuits,2,4977,0.5,18/10/2021 14:54,,"Sitelinks, Image pack"
327,womens boots uk,1,1,,9600,https://www.next.co.uk/shop/gender-women-productaffiliation-footwear/category-boots,42,4960,1,18/10/2021 21:43,,"Sitelinks, Image pack"
328,clothes shops,2,2,,29000,https://www.next.co.uk/,96,4947,0.8,18/10/2021 14:16,,Sitelinks
329,shelves,3,6,16/10/2021 15:10,51000,https://www.next.co.uk/shop/department-homeware-category-shelves,6,4942,1,18/10/2021 00:54,,"Sitelinks, Image pack, Top stories, Thumbnail, Video"
330,sideboard cabinet,1,1,,14000,https://www.next.co.uk/shop/department-homeware-productaffiliation-livingfurniture/category-sideboards,6,4941,1.3,19/10/2021 09:50,,"Sitelinks, Image pack"
331,suit,1,1,,29000,https://www.next.co.uk/shop/gender-men-productaffiliation-suits-0,50,4940,1.1,19/10/2021 09:30,,"Sitelinks, People also ask, Image pack"
332,mens t shirts,1,1,,27000,https://www.next.co.uk/shop/gender-men-productaffiliation-tops/category-tshirts,19,4922,1.2,20/10/2021 04:59,,"Sitelinks, Image pack"
333,evening dresses,1,3,16/10/2021 20:38,20000,https://www.next.co.uk/shop/gender-women-category-dresses/use-occasionwear,26,4921,0.8,18/10/2021 13:08,,"Sitelinks, Image pack"
334,mens boots uk,1,1,,8800,https://www.next.co.uk/shop/gender-men-productaffiliation-footwear/category-boots,23,4909,0.9,19/10/2021 09:32,,"Sitelinks, Image pack"
335,lanterns,3,2,17/10/2021 09:57,46000,https://www.next.co.uk/shop/department-homeware-productaffiliation-candlesandlanterns-0,4,4902,0.8,19/10/2021 22:26,,"Image pack, Sitelinks, People also ask, Top stories, Video"
336,mens clothing,1,1,,21000,https://www.next.co.uk/men,44,4887,0.9,20/10/2021 04:52,,"Sitelinks, Image pack"
337,spanx leggings,1,1,,5800,https://www.next.co.uk/shop/gender-women-category-leggings/brand-spanx-colour-black,1,4878,0.8,18/10/2021 15:13,,"Sitelinks, Top stories, Video"
338,winter coat women,1,1,,16000,https://www.next.co.uk/shop/gender-women-productaffiliation-coatsandjackets-0,28,4870,0.7,18/10/2021 11:13,,"Sitelinks, Image pack"
339,girls nighties,1,1,,10000,https://www.next.co.uk/shop/gender-oldergirls-gender-youngergirls-productaffiliation-nightwear-0,5,4854,0.6,19/10/2021 12:49,,"Sitelinks, Image pack"
340,mens chelsea boots,1,2,18/10/2021 23:15,20000,https://www.next.co.uk/shop/gender-men-productaffiliation-footwear/category-boots-style-chelsea,5,4846,1,20/10/2021 04:21,,"Sitelinks, Image pack"
341,girls jackets,1,7,16/10/2021 09:13,16000,https://www.next.co.uk/shop/gender-oldergirls-gender-youngergirls-productaffiliation-coatsandjackets-0,13,4820,0.8,18/10/2021 12:04,,"Sitelinks, Image pack"
342,wellington boots women,1,1,,13000,https://www.next.co.uk/shop/gender-women-productaffiliation-footwear/category-wellies,15,4816,0.8,19/10/2021 20:50,,"Sitelinks, People also ask, Image pack"
343,throws,1,2,17/10/2021 22:53,14000,https://www.next.co.uk/shop/department-homeware-productaffiliation-cushionsandthrows/category-throws,19,4816,0.6,19/10/2021 03:32,,"Sitelinks, Image pack"
344,black tote bag,1,4,18/10/2021 11:07,23000,https://www.next.co.uk/shop/gender-women-productaffiliation-accessories/category-bags-colour-black-style-tote,3,4797,0.8,20/10/2021 01:57,,"Sitelinks, Image pack"
345,ladies christmas jumpers,1,1,,14000,https://www.next.co.uk/shop/gender-women-category-jumpers/style-christmassweater,6,4789,0.6,18/10/2021 10:09,,"Sitelinks, Image pack"
346,nursing bra,4,4,,22000,https://www.next.co.uk/shop/gender-women-productaffiliation-lingerie/category-bras-style-maternitybras,11,4776,1.2,20/10/2021 05:35,,"Knowledge card, People also ask, Sitelinks, Top stories, Video, Image pack"
347,womens long puffer coat,2,3,17/10/2021 00:04,27000,https://www.next.co.uk/shop/gender-women-productaffiliation-coatsandjackets/category-coats-style-puffer,5,4774,0.7,19/10/2021 23:51,,"Sitelinks, Image pack"
348,round dining table,1,1,,20000,https://www.next.co.uk/shop/department-homeware-productaffiliation-diningroomfurniture/category-diningtables,13,4763,1.1,18/10/2021 21:50,,"Sitelinks, Image pack"
349,mens black hoodie,1,1,,15000,https://www.next.co.uk/shop/gender-men-productaffiliation-sweatshirtsandhoodies-0,15,4751,1.1,19/10/2021 09:31,,"Sitelinks, Image pack"
350,mens coats,1,1,,21000,https://www.next.co.uk/shop/gender-men-productaffiliation-coatsandjackets-0,31,4748,0.9,19/10/2021 22:30,,"Sitelinks, Image pack"
351,womens clothes,4,3,18/10/2021 14:07,40000,https://www.next.co.uk/women,67,4736,0.8,20/10/2021 07:53,,"Sitelinks, Adwords bottom"
352,womens denim shirts,1,1,,9300,https://www.next.co.uk/shop/gender-women-productaffiliation-tops/category-shirts-style-denim,1,4735,1.2,19/10/2021 09:47,,"Sitelinks, Image pack"
353,cardigans women,1,1,,11000,https://www.next.co.uk/shop/gender-women-productaffiliation-knitwear/category-cardigans,24,4709,1.2,18/10/2021 09:59,,"Sitelinks, Image pack"
354,initial necklace,4,4,,39000,https://www.next.co.uk/shop/gender-women-productaffiliation-jewellery/category-necklaces-style-initial,1,4709,0.7,18/10/2021 10:40,,"Sitelinks, Image pack"
355,dinner sets,3,3,,27000,https://www.next.co.uk/shop/department-homeware-productaffiliation-tableware/category-dinnerware,17,4702,0.9,19/10/2021 01:28,,"Knowledge card, Sitelinks, Image pack"
356,ghd straightener,3,2,17/10/2021 03:33,47000,https://www.next.co.uk/shop/brand-ghd-0,17,4692,1.6,19/10/2021 09:31,,"Sitelinks, People also ask, Top stories, Video, Image pack"
357,summer midi dress,1,1,,15000,https://www.next.co.uk/shop/gender-women-category-dresses/length-midi,28,4688,,20/10/2021 06:46,,"Sitelinks, Image pack"
358,pencil pleat curtains,2,1,17/10/2021 16:13,25000,https://www.next.co.uk/shop/department-homeware-productaffiliation-curtainsandblinds/category-curtains-type-pencilpleat,3,4674,0.8,19/10/2021 11:32,,"Sitelinks, Top stories, Video"
359,barbour wellies,3,3,,36000,https://www.next.co.uk/shop/gender-women-productaffiliation-footwear/brand-barbour-category-wellies,0,4665,0.7,18/10/2021 10:32,,"Sitelinks, People also ask, Image pack"
360,wide leg jeans,3,6,16/10/2021 08:48,27000,https://www.next.co.uk/shop/gender-women-category-jeans/fit-wide,0,4662,1.3,18/10/2021 07:58,,"Sitelinks, People also ask, Image pack, Top stories, Video"
361,dresses for wedding guest,1,1,,18000,https://www.next.co.uk/shop/gender-women-category-dresses/use-weddingguest,35,4659,0.8,20/10/2021 03:49,,"Sitelinks, Image pack"
362,womens loungewear,1,1,,10000,https://www.next.co.uk/shop/gender-women-productaffiliation-loungewear-0,21,4649,0.7,20/10/2021 04:47,,"Sitelinks, Image pack"
363,gold ceiling lights,1,2,17/10/2021 12:52,12000,https://www.next.co.uk/shop/department-homeware-productaffiliation-lighting/category-ceilinglights-colour-gold,0,4645,0.7,19/10/2021 16:04,,"Sitelinks, Image pack"
364,summer dresses uk,1,1,,19000,https://www.next.co.uk/shop/gender-women-category-dresses/style-summerdress,10,4643,0.9,18/10/2021 00:32,,"Sitelinks, Image pack"
365,dressing gowns,2,2,,20000,https://www.next.co.uk/shop/gender-women-productaffiliation-nightwear/category-robes,10,4635,0.9,19/10/2021 09:42,,"Knowledge card, Sitelinks, Image pack"
366,christmas pjs,1,1,,21000,https://www.next.co.uk/shop/promotion-christmasnightwear-0,4,4603,0.35,20/10/2021 00:59,,"Image pack, Shopping results, Thumbnail"
367,tracksuit,4,6,18/10/2021 15:51,76000,https://www.next.co.uk/shop/gender-men-productaffiliation-sportswear/category-tracksuits,18,4591,0.6,20/10/2021 07:57,,"Sitelinks, Image pack, Top stories, Thumbnail"
368,womens nightdress,1,1,,9700,https://www.next.co.uk/shop/gender-women-productaffiliation-nightwear-0,26,4587,1,19/10/2021 01:32,,"Sitelinks, Image pack"
369,dining table with bench,1,1,,13000,https://www.next.co.uk/shop/department-homeware-productaffiliation-diningroomfurniture-0,23,4587,1.1,19/10/2021 15:31,,"Sitelinks, Image pack, Top stories, Video"
370,ugg slippers,9,9,,249000,https://www.next.co.uk/shop/gender-women-productaffiliation-footwear/brand-ugg-category-slippers,16,4573,0.6,20/10/2021 05:20,,"Sitelinks, People also ask, Image pack"
371,jumpsuits for weddings,1,1,,10000,https://www.next.co.uk/shop/gender-women-productaffiliation-jumpsuitsandplaysuits/category-jumpsuit-use-weddingguest,5,4569,0.7,19/10/2021 09:41,,"Sitelinks, People also ask, Image pack, Top stories, Video"
372,drinks cabinet,5,5,,46000,https://www.next.co.uk/shop/department-homeware-productaffiliation-downstairsfurniture/category-sideboards-type-drinkscabinet,0,4565,1,18/10/2021 21:50,,"Sitelinks, Image pack"
373,dresses for wedding,1,1,,18000,https://www.next.co.uk/shop/gender-women-category-dresses/use-weddingguest,34,4564,0.5,18/10/2021 01:25,,"Sitelinks, Top stories, Thumbnail, Image pack"
374,womens flip flops,1,1,,12000,https://www.next.co.uk/shop/gender-women-productaffiliation-footwear/category-sandals-style-flipflop,7,4561,1,18/10/2021 11:01,,"Sitelinks, Image pack"
375,white blouse,1,1,,16000,https://www.next.co.uk/shop/gender-women-productaffiliation-tops/category-blouses-colour-white,6,4560,0.9,19/10/2021 04:16,,"Sitelinks, Image pack"
376,shirts for men,1,1,,23000,https://www.next.co.uk/shop/gender-men-category-shirts-0,45,4555,2,19/10/2021 02:07,,Image pack
377,girls black coats,1,1,,9000,https://www.next.co.uk/shop/gender-oldergirls-gender-youngergirls-productaffiliation-coatsandjackets/colour-black,4,4553,0.8,18/10/2021 10:43,,"Sitelinks, Image pack"
378,wide fit sandals,1,1,,15000,https://www.next.co.uk/shop/gender-women-productaffiliation-footwear/category-sandals-fit-wide,22,4550,1.6,18/10/2021 12:32,,"Sitelinks, Image pack"
379,womens pj sets,1,1,,14000,https://www.next.co.uk/shop/gender-women-productaffiliation-nightwear/category-pyjamas,17,4547,0.6,19/10/2021 00:06,,"Sitelinks, Image pack"
380,pink coats,1,1,,9700,https://www.next.co.uk/shop/gender-women-productaffiliation-coatsandjackets/colour-pink,0,4543,0.9,20/10/2021 02:53,,"Sitelinks, Image pack"
381,black dress for women,1,2,18/10/2021 17:10,14000,https://www.next.co.uk/shop/gender-women-category-dresses/colour-black,6,4523,0.7,20/10/2021 05:28,,"Sitelinks, Image pack"
382,skechers go walk,3,3,,30000,https://www.next.co.uk/shop/brand-skechers-0,5,4510,0.5,19/10/2021 09:43,,"Sitelinks, People also ask, Top stories, Video, Image pack"
383,personalised jewellery,2,2,,16000,https://www.next.co.uk/shop/gender-women-productaffiliation-jewellery/personalised-canbepersonalised,8,4499,1,19/10/2021 03:00,,"Sitelinks, Image pack"
384,fairisle jumper,1,1,,22000,https://www.next.co.uk/shop/gender-women-productaffiliation-knitwear/pattern-fairisle,0,4480,1,19/10/2021 03:22,,"Image pack, Sitelinks"
385,mens,1,1,,11000,https://www.next.co.uk/men,59,4474,0.8,19/10/2021 19:35,,Sitelinks
386,coat,3,2,16/10/2021 03:15,78000,https://www.next.co.uk/shop/gender-women-productaffiliation-coatsandjackets-0,50,4469,0.9,18/10/2021 22:33,,"Knowledge card, Sitelinks, Top stories, Thumbnail, Image pack"
387,mens trousers,1,1,,14000,https://www.next.co.uk/shop/gender-men-category-trousers-0,17,4463,1.4,20/10/2021 00:41,,"Sitelinks, Image pack"
388,ladies watches,4,4,,46000,https://www.next.co.uk/shop/gender-women-productaffiliation-jewellery/category-watches,18,4455,0.9,19/10/2021 04:10,,Sitelinks
389,grey cushions,1,1,,16000,https://www.next.co.uk/shop/department-homeware-productaffiliation-cushionsandthrows/category-cushions-colour-grey,7,4447,0.9,19/10/2021 12:41,,"Sitelinks, Image pack"
390,gifts,3,3,,42000,https://www.next.co.uk/gift-ideas,59,4433,1.1,19/10/2021 18:49,,"Shopping results, Thumbnail, Sitelinks, Top stories, Image pack"
391,puffer coats,1,2,17/10/2021 22:15,13000,https://www.next.co.uk/shop/gender-women-productaffiliation-coatsandjackets/category-coats-style-puffer,7,4427,1.3,19/10/2021 12:21,,Sitelinks
392,work dresses,1,1,,17000,https://www.next.co.uk/shop/gender-women-productaffiliation-tailoring/category-dresses,7,4426,0.8,20/10/2021 04:54,,"Sitelinks, Image pack"
393,womens nightshirts,1,1,,8800,https://www.next.co.uk/shop/gender-women-productaffiliation-nightwear/category-nightshirts,2,4421,0.7,19/10/2021 12:08,,Sitelinks
394,mens polo shirts,1,1,,19000,https://www.next.co.uk/shop/gender-men-productaffiliation-tops/category-poloshirts,11,4387,1.7,20/10/2021 08:29,,Sitelinks
395,long puffer jacket women,1,1,,12000,https://www.next.co.uk/shop/gender-women-productaffiliation-coatsandjackets/category-coats-style-puffer,5,4383,0.4,19/10/2021 03:42,,"Sitelinks, Image pack"
396,necklace,5,2,16/10/2021 08:31,114000,https://www.next.co.uk/shop/gender-women-productaffiliation-jewellery/category-necklaces,30,4380,1,18/10/2021 12:03,,"Sitelinks, People also ask, Image pack"
397,mens hats,1,1,,21000,https://www.next.co.uk/shop/gender-men-productaffiliation-hatsglovesscarves/category-hats,15,4366,0.7,19/10/2021 09:51,,"Sitelinks, Image pack"
398,round extendable dining table,1,2,16/10/2021 21:38,16000,https://www.next.co.uk/shop/department-homeware-productaffiliation-diningroomfurniture/category-diningtables,1,4362,1.1,18/10/2021 15:12,,"Sitelinks, People also ask, Image pack"
399,rugs uk,3,3,,25000,https://www.next.co.uk/shop/department-homeware-productaffiliation-rugsrunnersdoormats/category-rugs,65,4362,1.6,19/10/2021 01:50,,"Sitelinks, Image pack"
400,purses,2,1,16/10/2021 23:13,28000,https://www.next.co.uk/shop/gender-women-productaffiliation-accessories/category-purses,13,4357,0.5,18/10/2021 14:09,,"Sitelinks, Image pack"
401,candles,2,2,,49000,https://www.next.co.uk/shop/department-homeware-productaffiliation-candlesandlanterns/category-candles,34,4353,0.6,19/10/2021 14:15,,"Sitelinks, People also ask, Top stories, Thumbnail, Image pack"
402,spanx,2,2,,24000,https://www.next.co.uk/shop/brand-spanx-0,7,4350,0.8,19/10/2021 17:38,,"Sitelinks, People also ask, Top stories, Video, Knowledge panel"
403,mens fleece,2,3,16/10/2021 10:06,20000,https://www.next.co.uk/shop/gender-men-productaffiliation-coatsandjackets/category-fleeces,13,4340,1.1,18/10/2021 09:03,,"Sitelinks, Image pack"
404,cutlery set,3,2,17/10/2021 14:18,39000,https://www.next.co.uk/shop/department-homeware-productaffiliation-kitchen/category-cutlery,6,4335,0.6,19/10/2021 06:08,,"Sitelinks, People also ask, Image pack"
405,grey bar stools,1,4,17/10/2021 22:38,11000,https://www.next.co.uk/shop/department-homeware-productaffiliation-diningroomfurniture/category-barstool,0,4335,1.4,19/10/2021 00:33,,"Sitelinks, Image pack"
406,sofas uk,2,2,,13000,https://www.next.co.uk/homeware/sofasbynext,75,4334,1.7,19/10/2021 18:28,,"Sitelinks, Image pack"
407,onesie,2,2,,48000,https://www.next.co.uk/shop/category-allinone/style-onesie,14,4317,0.6,19/10/2021 21:24,,"Sitelinks, Image pack, Top stories, Video"
408,girls black boots,1,1,,9300,https://www.next.co.uk/shop/gender-oldergirls-gender-youngergirls-productaffiliation-footwear/category-boots-colour-black,17,4298,0.7,19/10/2021 12:43,,"Sitelinks, Image pack"
409,mirrors,4,3,16/10/2021 18:27,49000,https://www.next.co.uk/shop/department-homeware-category-mirrors-0,22,4291,1.5,18/10/2021 15:40,,"Sitelinks, Image pack, Top stories, Video"
410,timberland boots,6,6,,103000,https://www.next.co.uk/shop/gender-men-productaffiliation-footwear/brand-timberland-category-boots,15,4284,0.5,20/10/2021 04:15,,"Sitelinks, People also ask"
411,swimwear,1,1,,21000,https://www.next.co.uk/shop/gender-women-productaffiliation-swimwear-0,46,4271,1.4,18/10/2021 09:24,,"Sitelinks, Top stories, Thumbnail"
412,doormat,2,2,,36000,https://www.next.co.uk/shop/department-homeware-productaffiliation-rugsrunnersdoormats/category-doormats,5,4264,0.9,19/10/2021 13:40,,"Sitelinks, People also ask, Top stories, Video"
413,trainer slip ons,1,1,,19000,https://www.next.co.uk/shop/gender-women-productaffiliation-footwear/category-trainers-style-slipon,0,4261,,19/10/2021 09:01,,"People also ask, Sitelinks"
414,faux leather trousers,1,1,,8300,https://www.next.co.uk/shop/gender-women-category-trousers/madewith-fauxleather,1,4257,0.9,19/10/2021 18:29,,"Sitelinks, Top stories, Video, Image pack"
415,wedge sandals,1,1,,21000,https://www.next.co.uk/shop/gender-women-productaffiliation-footwear/category-sandals-style-wedge,14,4251,0.8,20/10/2021 06:37,,"Sitelinks, Image pack"
416,stockings,1,1,,29000,https://www.next.co.uk/shop/gender-women-productaffiliation-hosieryandsocks/style-stockings,31,4243,0.5,20/10/2021 08:46,,"Sitelinks, People also ask"
417,mens pajama set,1,2,17/10/2021 04:59,11000,https://www.next.co.uk/shop/gender-men-productaffiliation-nightwear-0,11,4235,0.9,19/10/2021 17:37,,"Sitelinks, Image pack"
418,candle holders,2,2,,33000,https://www.next.co.uk/shop/department-homeware-productaffiliation-candlesandlanterns/category-candleholders,8,4219,0.4,19/10/2021 17:45,,"Knowledge card, Sitelinks, Image pack"
419,pyjamas,3,1,17/10/2021 01:15,60000,https://www.next.co.uk/shop/gender-women-productaffiliation-nightwear/category-pyjamas,18,4218,0.9,19/10/2021 22:46,,"Sitelinks, Top stories, Thumbnail, Image pack"
420,boys pyjamas,2,4,16/10/2021 23:54,19000,https://www.next.co.uk/shop/gender-olderboys-gender-youngerboys-productaffiliation-nightwear-0,3,4215,1,18/10/2021 16:56,,Sitelinks
421,nex,1,1,,14000,https://www.next.co.uk/,77,4214,0.35,19/10/2021 00:27,,"Sitelinks, Top stories, Video"
422,womens long black coat,1,2,16/10/2021 23:31,7300,https://www.next.co.uk/shop/gender-women-productaffiliation-coatsandjackets/category-coats-colour-black,1,4192,0.6,18/10/2021 12:30,,Sitelinks
423,bridesmaids dresses,1,1,,12000,https://www.next.co.uk/shop/gender-women-category-dresses/use-bridesmaid,52,4188,0.9,19/10/2021 05:32,,"Shopping results, Thumbnail, Sitelinks, People also ask, Image pack"
424,navy cushions,1,1,,12000,https://www.next.co.uk/shop/department-homeware-productaffiliation-cushionsandthrows/category-cushions-colour-blue,2,4180,0.6,19/10/2021 13:54,,"Sitelinks, Image pack"
425,palazzo pants,1,1,,13000,https://www.next.co.uk/shop/gender-women-category-trousers/fit-wide,5,4176,0.6,19/10/2021 12:27,,"Sitelinks, People also ask, Image pack, Top stories, Video"
426,black coat,1,1,,27000,https://www.next.co.uk/shop/gender-women-productaffiliation-coatsandjackets/colour-black,1,4167,0.7,18/10/2021 20:09,,"Sitelinks, Image pack"
427,aviator jacket womens,1,1,,9400,https://www.next.co.uk/shop/gender-women-productaffiliation-coatsandjackets/style-aviator,0,4165,0.6,19/10/2021 09:50,,"Sitelinks, Image pack"
428,dungarees,2,2,,43000,https://www.next.co.uk/shop/gender-women-productaffiliation-jumpsuitsandplaysuits/category-dungarees,10,4161,1,20/10/2021 02:59,,"Sitelinks, Image pack"
429,suits for men,1,1,,16000,https://www.next.co.uk/shop/gender-men-productaffiliation-suits-0,50,4156,1.2,20/10/2021 05:13,,"Sitelinks, Image pack"
430,pinafore dress,3,1,16/10/2021 09:22,32000,https://www.next.co.uk/shop/gender-women-category-dresses/style-pinafore,1,4144,0.8,18/10/2021 21:57,,"Sitelinks, Image pack"
431,girls coats sale,1,1,,7900,https://www.next.co.uk/shop/gender-oldergirls-gender-youngergirls-productaffiliation-coatsandjackets-0,11,4143,0.9,18/10/2021 10:38,,Sitelinks
432,wallpapers,3,4,17/10/2021 12:16,61000,https://www.next.co.uk/shop/department-homeware-productaffiliation-diy/category-wallpaper,65,4140,0.6,19/10/2021 18:06,,"Sitelinks, People also ask, Top stories, Thumbnail"
433,long dress,1,1,,22000,https://www.next.co.uk/shop/gender-women-category-dresses/style-maxidress,38,4136,1.1,19/10/2021 02:25,,"Sitelinks, Image pack"
434,blush pink bridesmaid dresses,1,1,,10000,https://www.next.co.uk/shop/gender-women-category-dresses/colour-pink-use-bridesmaid,4,4134,0.45,19/10/2021 09:06,,"Sitelinks, Image pack"
435,ladies white trainers,1,1,,14000,https://www.next.co.uk/shop/gender-women-productaffiliation-footwear/category-trainers-colour-white,11,4130,0.8,20/10/2021 03:06,,"Sitelinks, Image pack"
436,shorts for men,1,1,,12000,https://www.next.co.uk/shop/gender-men-category-shorts-0,9,4124,2.5,20/10/2021 08:39,,"Sitelinks, Image pack"
437,girls swimwear,1,1,,15000,https://www.next.co.uk/shop/gender-oldergirls-gender-youngergirls-productaffiliation-swimwear-0,7,4116,0.9,18/10/2021 22:45,,"Sitelinks, Image pack"
438,ladies denim jackets,1,1,,9600,https://www.next.co.uk/shop/gender-women-productaffiliation-coatsandjackets/style-denim,4,4109,1.3,19/10/2021 19:56,,"Sitelinks, People also ask, Image pack"
439,tote bags for women,1,1,,12000,https://www.next.co.uk/shop/gender-women-productaffiliation-accessories/category-bags-style-tote,10,4108,1,18/10/2021 11:27,,"Sitelinks, Image pack"
440,midi dresses,1,1,,17000,https://www.next.co.uk/shop/gender-women-category-dresses/length-midi,22,4099,1,19/10/2021 16:59,,"Sitelinks, Image pack"
441,beanie hats,2,4,17/10/2021 06:52,31000,https://www.next.co.uk/shop/gender-men-productaffiliation-hatsglovesscarves/category-hats-style-beanie,4,4099,0.9,19/10/2021 02:41,,"Sitelinks, Image pack"
442,leather jacket women,1,1,,12000,https://www.next.co.uk/shop/gender-women-productaffiliation-coatsandjackets/category-jackets-style-biker,9,4091,1,18/10/2021 11:37,,"Sitelinks, Image pack"
443,white desk,5,5,,48000,https://www.next.co.uk/shop/department-homeware-category-officedesk-0,6,4088,1.2,19/10/2021 09:51,,"Sitelinks, Image pack"
444,leather jackets,2,2,,27000,https://www.next.co.uk/shop/gender-women-productaffiliation-coatsandjackets/madewith-leather,8,4082,1,19/10/2021 15:51,,"Knowledge card, Sitelinks, People also ask, Image pack"
445,cotton dressing gowns,1,1,,8000,https://www.next.co.uk/shop/gender-women-productaffiliation-nightwear/category-robes,8,4081,1,19/10/2021 14:31,,"Sitelinks, People also ask, Image pack"
446,table lamps uk,1,1,,9400,https://www.next.co.uk/shop/department-homeware-productaffiliation-lighting/category-tablelights,20,4069,0.8,20/10/2021 02:37,,"Sitelinks, Image pack"
447,unisex baby clothes,2,2,,18000,https://www.next.co.uk/shop/gender-newbornunisex-0,5,4066,0.5,19/10/2021 03:39,,"Sitelinks, People also ask, Image pack"
448,white curtains,2,2,,18000,https://www.next.co.uk/shop/department-homeware-productaffiliation-curtainsandblinds/category-curtains-colour-white,2,4063,0.5,19/10/2021 10:19,,"Sitelinks, Image pack"
449,lounge wear sets,1,1,,12000,https://www.next.co.uk/shop/gender-women-productaffiliation-loungewear-0,22,4057,1.7,19/10/2021 12:09,,"Sitelinks, Image pack"
450,womens waterproof coat,1,1,,9700,https://www.next.co.uk/shop/gender-women-productaffiliation-coatsandjackets/style-raincoat,16,4043,0.7,18/10/2021 11:21,,"Sitelinks, Image pack"
451,secret santa gift ideas,1,1,,4500,https://www.next.co.uk/shop/promotion-secretsanta-0,12,4036,0.5,19/10/2021 23:50,,"Top stories, Video"
452,white linen trousers,1,1,,7300,https://www.next.co.uk/shop/gender-women-category-trousers/madewith-linen,0,4031,1.1,18/10/2021 14:40,,"Sitelinks, Image pack"
453,winter coats,1,1,,19000,https://www.next.co.uk/shop/gender-women-productaffiliation-coatsandjackets-0,28,4007,0.7,18/10/2021 20:23,,"Sitelinks, Image pack"
454,wine glasses,2,6,17/10/2021 23:50,25000,https://www.next.co.uk/shop/department-homeware-productaffiliation-kitchen/category-glasses,6,4007,0.8,19/10/2021 11:52,,"Sitelinks, Image pack"
455,dropping earrings,1,1,,11000,https://www.next.co.uk/shop/gender-women-productaffiliation-jewellery/category-earrings-style-drop,0,3993,1.1,19/10/2021 17:38,,"People also ask, Sitelinks, Image pack"
456,pink cushions,1,1,,14000,https://www.next.co.uk/shop/department-homeware-productaffiliation-cushionsandthrows/category-cushions-colour-pink,0,3992,0.7,19/10/2021 09:52,,"Sitelinks, Image pack"
457,cufflinks,2,1,17/10/2021 10:34,20000,https://www.next.co.uk/shop/gender-men-productaffiliation-accessories/category-cufflinks,12,3986,1.4,19/10/2021 21:57,,"Sitelinks, People also ask, Top stories, Video, Image pack"
458,girls christmas jumper,1,1,,10000,https://www.next.co.uk/shop/gender-oldergirls-gender-youngergirls/style-christmassweater,3,3965,0.6,20/10/2021 05:21,,Sitelinks
459,wedge trainers,1,1,,16000,http://www.next.co.uk/search?w=wedge trainers,0,3953,0.6,20/10/2021 06:09,,"Sitelinks, Image pack"
460,bikinis,3,1,17/10/2021 18:59,30000,https://www.next.co.uk/shop/gender-women-productaffiliation-swimwear/category-bikinis,25,3946,1.7,19/10/2021 00:50,,"Sitelinks, Image pack"
461,nike air max,4,5,17/10/2021 13:55,170000,https://www.next.co.uk/shop/promotion-nikeairmax-0,21,3944,0.6,19/10/2021 13:37,,"Sitelinks, Top stories, Thumbnail, Image pack"
462,white denim jacket,1,1,,8900,https://www.next.co.uk/shop/gender-women-productaffiliation-coatsandjackets/category-jackets-colour-white-style-denim,0,3941,0.7,19/10/2021 03:00,,"Sitelinks, Image pack"
463,chinos,1,2,18/10/2021 23:48,26000,https://www.next.co.uk/shop/gender-men-category-trousers/style-chino,12,3933,1.1,20/10/2021 04:02,,"Sitelinks, People also ask, Image pack"
464,furniture stores,5,6,16/10/2021 15:29,43000,https://www.next.co.uk/homeware,80,3929,1.4,18/10/2021 11:26,,Sitelinks
465,stocking fillers,4,1,17/10/2021 22:52,33000,https://www.next.co.uk/shop/promotion-stockingfillers-0,9,3928,0.45,19/10/2021 00:30,,"Sitelinks, People also ask, Image pack"
466,lamps,2,2,,38000,https://www.next.co.uk/shop/department-homeware-productaffiliation-lighting/category-tablelights,22,3922,0.8,20/10/2021 08:29,,"Knowledge card, Sitelinks, Image pack"
467,tea dresses,2,3,18/10/2021 17:15,17000,https://www.next.co.uk/shop/gender-women-category-dresses/style-teadress,4,3918,1,20/10/2021 06:01,,"Sitelinks, Image pack"
468,grey bridesmaid dress,1,1,,8900,https://www.next.co.uk/shop/gender-women-category-dresses/colour-grey-use-bridesmaid,12,3917,0.5,19/10/2021 09:52,,"Sitelinks, People also ask, Image pack"
469,yellow curtains,1,1,,7100,https://www.next.co.uk/shop/department-homeware-productaffiliation-curtainsandblinds/category-curtains-colour-yellow,0,3885,0.5,18/10/2021 17:58,,"Sitelinks, Image pack"
470,coats and jackets womens,1,3,17/10/2021 12:34,8000,https://www.next.co.uk/shop/gender-women-productaffiliation-coatsandjackets-0,49,3881,0.8,19/10/2021 17:50,,"Sitelinks, Image pack"
471,boys hoodies,1,1,,17000,https://www.next.co.uk/shop/gender-olderboys-gender-youngerboys-productaffiliation-sweatshirtsandhoodies/category-hoodies,11,3878,0.9,20/10/2021 04:16,,"Sitelinks, Image pack"
472,nightwear for women,1,1,,12000,https://www.next.co.uk/shop/gender-women-productaffiliation-nightwear-0,25,3877,1.1,19/10/2021 16:30,,"Sitelinks, Image pack"
473,black trainers women,4,2,17/10/2021 12:06,43000,https://www.next.co.uk/shop/gender-women-productaffiliation-footwear/category-trainers,28,3876,1.3,19/10/2021 06:28,,"Sitelinks, Image pack"
474,bath mat,3,3,,36000,https://www.next.co.uk/shop/department-homeware-productaffiliation-bathroomtextiles/category-bathmats,4,3869,0.9,19/10/2021 03:27,,"Knowledge card, Sitelinks, People also ask, Image pack"
475,mattress topper,5,5,,89000,https://www.next.co.uk/shop/department-homeware-productaffiliation-toppersandprotectors-0,16,3869,1,18/10/2021 08:56,,"Sitelinks, People also ask, Top stories, Video, Image pack"
476,girls denim jacket,1,1,,8700,https://www.next.co.uk/shop/gender-oldergirls-gender-youngergirls-productaffiliation-coatsandjackets/category-jackets-style-denim,0,3865,0.7,20/10/2021 03:48,,"Sitelinks, Image pack"
477,side tables for living room,1,2,17/10/2021 21:05,20000,https://www.next.co.uk/shop/department-homeware-productaffiliation-livingfurniture/category-sidetable,6,3862,0.8,19/10/2021 03:34,,"Sitelinks, Image pack"
478,mirrored bedroom furniture,1,3,17/10/2021 17:42,4800,https://www.next.co.uk/shop/department-homeware-productaffiliation-bedroomfurniture/finish-mirrored,1,3861,1.3,19/10/2021 09:46,,"Sitelinks, Image pack"
479,pyjamas set,1,1,,8100,https://www.next.co.uk/shop/gender-women-productaffiliation-nightwear/category-pyjamas,21,3856,0.8,18/10/2021 11:19,,"Sitelinks, Image pack"
480,clothes womens uk,1,1,,12000,https://www.next.co.uk/women,76,3855,0.5,18/10/2021 22:12,,Sitelinks
481,ted baker earrings,2,2,,18000,https://www.next.co.uk/shop/gender-women-productaffiliation-jewellery/brand-tedbaker,0,3853,0.7,19/10/2021 20:03,,"Sitelinks, Image pack"
482,long sleeve maxi dress,3,3,,23000,https://www.next.co.uk/shop/gender-women-category-dresses/sleeve-longsleeve,22,3844,0.7,19/10/2021 01:39,,"Sitelinks, Image pack"
483,white bedding,2,1,17/10/2021 00:49,18000,https://www.next.co.uk/shop/department-homeware-productaffiliation-bedding/colour-white,8,3841,0.6,19/10/2021 18:54,,"Sitelinks, Image pack"
484,culotte jumpsuits,1,1,,5900,https://www.next.co.uk/shop/gender-women-productaffiliation-jumpsuitsandplaysuits-0,2,3837,0.7,20/10/2021 09:10,,"Sitelinks, Image pack"
485,school uniform,5,4,18/10/2021 16:55,56000,https://www.next.co.uk/shop/gender-oldergirls-gender-youngergirls-productaffiliation-schoolwear-0,55,3836,0.7,20/10/2021 05:05,,"Sitelinks, Image pack, Top stories, Thumbnail"
486,small double fitted sheets,1,1,,8500,https://www.next.co.uk/shop/department-homeware-productaffiliation-bedding/type-fittedsheet,0,3827,1.1,19/10/2021 01:20,,"Sitelinks, People also ask"
487,girls onesie,3,3,,18000,https://www.next.co.uk/shop/gender-oldergirls-gender-youngergirls-productaffiliation-nightwear/category-allinone,1,3826,0.5,19/10/2021 09:49,,"Sitelinks, Image pack"
488,corner tv stand,2,2,,22000,https://www.next.co.uk/shop/department-homeware-productaffiliation-livingfurniture/category-tvunits,12,3819,1.1,20/10/2021 07:57,,"Sitelinks, Image pack"
489,ceiling lights uk,1,1,,15000,https://www.next.co.uk/shop/department-homeware-productaffiliation-lighting/category-ceilinglights,14,3816,0.9,18/10/2021 09:07,,"Sitelinks, Image pack"
490,gift sets for women,1,1,,14000,https://www.next.co.uk/shop/promotion-giftsforher-0,23,3811,0.6,18/10/2021 10:54,,"Sitelinks, Image pack"
491,mens hooded dressing gown,1,1,,8000,https://www.next.co.uk/shop/gender-men-productaffiliation-nightwear/category-robes,0,3809,0.6,19/10/2021 03:44,,"Sitelinks, Image pack"
492,mens summer jackets,1,1,,6900,https://www.next.co.uk/shop/gender-men-productaffiliation-coatsandjackets/category-jackets-use-casual,9,3808,0.9,18/10/2021 23:11,,"Sitelinks, Image pack"
493,red jumpers,1,1,,9400,https://www.next.co.uk/shop/gender-women-category-jumpers/colour-red,0,3805,1.6,18/10/2021 08:58,,"Sitelinks, Image pack"
494,extending dining table,2,2,,18000,https://www.next.co.uk/shop/department-homeware-productaffiliation-diningroomfurniture/category-diningtables,4,3804,1.5,19/10/2021 11:38,,"Sitelinks, Image pack"
495,shapewear,1,1,,18000,https://www.next.co.uk/shop/gender-women-productaffiliation-lingerie/category-shapewearsolutions,5,3804,1.1,19/10/2021 11:52,,"Sitelinks, People also ask, Image pack"
496,gilet mens,1,1,,8800,https://www.next.co.uk/shop/gender-men-productaffiliation-coatsandjackets/category-gilets,2,3802,1.3,18/10/2021 12:00,,"People also ask, Sitelinks, Image pack"
497,mens black suit,1,1,,8900,https://www.next.co.uk/shop/gender-men-productaffiliation-suits/colour-black,1,3800,1,18/10/2021 15:47,,"Sitelinks, Image pack"
498,bras lace,1,1,,10000,https://www.next.co.uk/shop/gender-women-productaffiliation-lingerie/category-bras-pattern-lace,1,3800,0.45,19/10/2021 17:56,,"Shopping results, Thumbnail, Sitelinks, Top stories, Video"
499,handbags for women,1,2,17/10/2021 16:35,7500,https://www.next.co.uk/shop/gender-women-productaffiliation-accessories/category-bags,45,3796,0.9,19/10/2021 09:45,,Sitelinks